[12:04:47] [main/INFO]: ModLauncher running: args [--username, arifmini64, --version, forge-47.3.10, --gameDir, C:\Users\arifv\curseforge\minecraft\Instances\1.20.1-net0-done, --assetsDir, C:\Users\arifv\curseforge\minecraft\Install\assets, --assetIndex, 5, --uuid, f8f1bbe6f1cf43e8bda93c183c4bcbc3, --accessToken, ????????, --clientId, YzhhNDU5MTctNWViMS00MzdjLWIyNDItNWU4NWUzMmU2ZTUx, --xuid, 2535422421823277, --userType, msa, --versionType, release, --width, 1024, --height, 768, --quickPlayPath, C:\Users\arifv\curseforge\minecraft\Install\quickPlay\java\1751087084689.json, --launchTarget, forgeclient, --fml.forgeVersion, 47.3.10, --fml.mcVersion, 1.20.1, --fml.forgeGroup, net.minecraftforge, --fml.mcpVersion, 20230612.114412]
[12:04:47] [main/INFO]: ModLauncher 10.0.9+10.0.9+main.dcd20f30 starting: java version 17.0.15 by Microsoft; OS Windows 11 arch amd64 version 10.0
[12:04:54] [main/INFO]: Loading ImmediateWindowProvider fmlearlywindow
[12:04:54] [main/INFO]: Trying GL version 4.6
[12:04:54] [main/INFO]: Requested GL version 4.6 got version 4.6
[12:04:54] [main/INFO]: SpongePowered MIXIN Subsystem Version=0.8.5 Source=union:/C:/Users/arifv/curseforge/minecraft/Install/libraries/org/spongepowered/mixin/0.8.5/mixin-0.8.5.jar%23100!/ Service=ModLauncher Env=CLIENT
[12:04:54] [pool-2-thread-1/INFO]: GL info: NVIDIA GeForce RTX 4050 Laptop GPU/PCIe/SSE2 GL version 4.6.0 NVIDIA 572.61, NVIDIA Corporation
[12:04:55] [main/INFO]: Found mod file alternate_current-mc1.20-1.7.0.jar of type MOD with provider {mods folder locator at C:\Users\arifv\curseforge\minecraft\Instances\1.20.1-net0-done\mods}
[12:04:55] [main/INFO]: Found mod file appleskin-forge-mc1.20.1-2.5.1.jar of type MOD with provider {mods folder locator at C:\Users\arifv\curseforge\minecraft\Instances\1.20.1-net0-done\mods}
[12:04:55] [main/INFO]: Found mod file Applied-Mekanistics-1.4.2.jar of type MOD with provider {mods folder locator at C:\Users\arifv\curseforge\minecraft\Instances\1.20.1-net0-done\mods}
[12:04:55] [main/INFO]: Found mod file appliedenergistics2-forge-15.2.13.jar of type MOD with provider {mods folder locator at C:\Users\arifv\curseforge\minecraft\Instances\1.20.1-net0-done\mods}
[12:04:55] [main/INFO]: Found mod file Architects-Palette-1.20.1-1.3.6.1.jar of type MOD with provider {mods folder locator at C:\Users\arifv\curseforge\minecraft\Instances\1.20.1-net0-done\mods}
[12:04:55] [main/INFO]: Found mod file architectury-9.2.14-forge.jar of type MOD with provider {mods folder locator at C:\Users\arifv\curseforge\minecraft\Instances\1.20.1-net0-done\mods}
[12:04:55] [main/INFO]: Found mod file AttributeFix-Forge-1.20.1-21.0.4.jar of type MOD with provider {mods folder locator at C:\Users\arifv\curseforge\minecraft\Instances\1.20.1-net0-done\mods}
[12:04:55] [main/INFO]: Found mod file badpackets-forge-0.4.3.jar of type MOD with provider {mods folder locator at C:\Users\arifv\curseforge\minecraft\Instances\1.20.1-net0-done\mods}
[12:04:55] [main/INFO]: Found mod file balm-forge-1.20.1-7.3.6-all.jar of type MOD with provider {mods folder locator at C:\Users\arifv\curseforge\minecraft\Instances\1.20.1-net0-done\mods}
[12:04:55] [main/INFO]: Found mod file BetterTags-1.20.1-1.1.jar of type MOD with provider {mods folder locator at C:\Users\arifv\curseforge\minecraft\Instances\1.20.1-net0-done\mods}
[12:04:55] [main/INFO]: Found mod file Bookshelf-Forge-1.20.1-20.2.13.jar of type MOD with provider {mods folder locator at C:\Users\arifv\curseforge\minecraft\Instances\1.20.1-net0-done\mods}
[12:04:55] [main/INFO]: Found mod file botarium-forge-1.20.1-2.3.4.jar of type MOD with provider {mods folder locator at C:\Users\arifv\curseforge\minecraft\Instances\1.20.1-net0-done\mods}
[12:04:55] [main/INFO]: Found mod file buildinggadgets2-1.0.7.jar of type MOD with provider {mods folder locator at C:\Users\arifv\curseforge\minecraft\Instances\1.20.1-net0-done\mods}
[12:04:55] [main/INFO]: Found mod file clienttweaks-forge-1.20-11.1.0.jar of type MOD with provider {mods folder locator at C:\Users\arifv\curseforge\minecraft\Instances\1.20.1-net0-done\mods}
[12:04:55] [main/INFO]: Found mod file cloth-config-11.1.118-forge.jar of type MOD with provider {mods folder locator at C:\Users\arifv\curseforge\minecraft\Instances\1.20.1-net0-done\mods}
[12:04:55] [main/INFO]: Found mod file Clumps-forge-1.20.1-12.0.0.4.jar of type MOD with provider {mods folder locator at C:\Users\arifv\curseforge\minecraft\Instances\1.20.1-net0-done\mods}
[12:04:55] [main/INFO]: Found mod file CommonCapabilities-1.20.1-2.9.3.jar of type MOD with provider {mods folder locator at C:\Users\arifv\curseforge\minecraft\Instances\1.20.1-net0-done\mods}
[12:04:55] [main/INFO]: Found mod file configuration-forge-1.20.1-2.2.1.jar of type MOD with provider {mods folder locator at C:\Users\arifv\curseforge\minecraft\Instances\1.20.1-net0-done\mods}
[12:04:55] [main/INFO]: Found mod file Controlling-forge-1.20.1-12.0.2.jar of type MOD with provider {mods folder locator at C:\Users\arifv\curseforge\minecraft\Instances\1.20.1-net0-done\mods}
[12:04:55] [main/INFO]: Found mod file craftingstation-1.20.1-1.2.jar of type MOD with provider {mods folder locator at C:\Users\arifv\curseforge\minecraft\Instances\1.20.1-net0-done\mods}
[12:04:55] [main/INFO]: Found mod file craftingtweaks-forge-1.20.1-18.2.4.jar of type MOD with provider {mods folder locator at C:\Users\arifv\curseforge\minecraft\Instances\1.20.1-net0-done\mods}
[12:04:55] [main/INFO]: Found mod file create-1.20.1-0.5.1.f.jar of type MOD with provider {mods folder locator at C:\Users\arifv\curseforge\minecraft\Instances\1.20.1-net0-done\mods}
[12:04:55] [main/INFO]: Found mod file createaddition-1.20.1-1.2.4e.jar of type MOD with provider {mods folder locator at C:\Users\arifv\curseforge\minecraft\Instances\1.20.1-net0-done\mods}
[12:04:55] [main/INFO]: Found mod file curios-forge-5.9.1+1.20.1.jar of type MOD with provider {mods folder locator at C:\Users\arifv\curseforge\minecraft\Instances\1.20.1-net0-done\mods}
[12:04:55] [main/INFO]: Found mod file CyclopsCore-1.20.1-1.19.5.jar of type MOD with provider {mods folder locator at C:\Users\arifv\curseforge\minecraft\Instances\1.20.1-net0-done\mods}
[12:04:55] [main/INFO]: Found mod file defaultoptions-forge-1.20-18.0.1.jar of type MOD with provider {mods folder locator at C:\Users\arifv\curseforge\minecraft\Instances\1.20.1-net0-done\mods}
[12:04:55] [main/INFO]: Found mod file elevatorid-1.20.1-lex-1.9.jar of type MOD with provider {mods folder locator at C:\Users\arifv\curseforge\minecraft\Instances\1.20.1-net0-done\mods}
[12:04:55] [main/INFO]: Found mod file embeddium-0.3.19+mc1.20.1-all.jar of type MOD with provider {mods folder locator at C:\Users\arifv\curseforge\minecraft\Instances\1.20.1-net0-done\mods}
[12:04:55] [main/INFO]: Found mod file ExtendedAE-1.20-1.1.12-forge.jar of type MOD with provider {mods folder locator at C:\Users\arifv\curseforge\minecraft\Instances\1.20.1-net0-done\mods}
[12:04:55] [main/INFO]: Found mod file FastLeafDecay-32.jar of type MOD with provider {mods folder locator at C:\Users\arifv\curseforge\minecraft\Instances\1.20.1-net0-done\mods}
[12:04:55] [main/INFO]: Found mod file Fastload-Reforged-mc1.20.1-3.4.0.jar of type MOD with provider {mods folder locator at C:\Users\arifv\curseforge\minecraft\Instances\1.20.1-net0-done\mods}
[12:04:55] [main/INFO]: Found mod file FastSuite-1.20.1-5.0.1.jar of type MOD with provider {mods folder locator at C:\Users\arifv\curseforge\minecraft\Instances\1.20.1-net0-done\mods}
[12:04:55] [main/INFO]: Found mod file ferritecore-6.0.1-forge.jar of type MOD with provider {mods folder locator at C:\Users\arifv\curseforge\minecraft\Instances\1.20.1-net0-done\mods}
[12:04:55] [main/INFO]: Found mod file findme-3.2.1-forge.jar of type MOD with provider {mods folder locator at C:\Users\arifv\curseforge\minecraft\Instances\1.20.1-net0-done\mods}
[12:04:55] [main/INFO]: Found mod file FpsReducer2-forge-1.20-2.5.jar of type MOD with provider {mods folder locator at C:\Users\arifv\curseforge\minecraft\Instances\1.20.1-net0-done\mods}
[12:04:55] [main/INFO]: Found mod file FramedBlocks-9.3.1.jar of type MOD with provider {mods folder locator at C:\Users\arifv\curseforge\minecraft\Instances\1.20.1-net0-done\mods}
[12:04:55] [main/INFO]: Found mod file ftb-chunks-forge-2001.3.1.jar of type MOD with provider {mods folder locator at C:\Users\arifv\curseforge\minecraft\Instances\1.20.1-net0-done\mods}
[12:04:55] [main/INFO]: Found mod file ftb-essentials-forge-2001.2.2.jar of type MOD with provider {mods folder locator at C:\Users\arifv\curseforge\minecraft\Instances\1.20.1-net0-done\mods}
[12:04:55] [main/INFO]: Found mod file ftb-library-forge-2001.2.2.jar of type MOD with provider {mods folder locator at C:\Users\arifv\curseforge\minecraft\Instances\1.20.1-net0-done\mods}
[12:04:55] [main/INFO]: Found mod file ftb-quests-forge-2001.4.7.jar of type MOD with provider {mods folder locator at C:\Users\arifv\curseforge\minecraft\Instances\1.20.1-net0-done\mods}
[12:04:55] [main/INFO]: Found mod file ftb-teams-forge-2001.3.0.jar of type MOD with provider {mods folder locator at C:\Users\arifv\curseforge\minecraft\Instances\1.20.1-net0-done\mods}
[12:04:55] [main/INFO]: Found mod file ftb-xmod-compat-forge-2.1.1.jar of type MOD with provider {mods folder locator at C:\Users\arifv\curseforge\minecraft\Instances\1.20.1-net0-done\mods}
[12:04:55] [main/INFO]: Found mod file ftbbackups2-forge-1.20-1.0.23.jar of type MOD with provider {mods folder locator at C:\Users\arifv\curseforge\minecraft\Instances\1.20.1-net0-done\mods}
[12:04:55] [main/INFO]: Found mod file Glodium-1.20-1.5-forge.jar of type MOD with provider {mods folder locator at C:\Users\arifv\curseforge\minecraft\Instances\1.20.1-net0-done\mods}
[12:04:55] [main/INFO]: Found mod file gregfluxology-0.0.1-less-modern-somehow.jar of type MOD with provider {mods folder locator at C:\Users\arifv\curseforge\minecraft\Instances\1.20.1-net0-done\mods}
[12:04:55] [main/INFO]: Found mod file gtceu-1.20.1-1.6.4.jar of type MOD with provider {mods folder locator at C:\Users\arifv\curseforge\minecraft\Instances\1.20.1-net0-done\mods}
[12:04:55] [main/INFO]: Found mod file gtnn-1.20.1-1.1.12.jar of type MOD with provider {mods folder locator at C:\Users\arifv\curseforge\minecraft\Instances\1.20.1-net0-done\mods}
[12:04:55] [main/INFO]: Found mod file HangGlider-v8.0.1-1.20.1-Forge.jar of type MOD with provider {mods folder locator at C:\Users\arifv\curseforge\minecraft\Instances\1.20.1-net0-done\mods}
[12:04:55] [main/INFO]: Found mod file Iceberg-1.20.1-forge-1.1.25.jar of type MOD with provider {mods folder locator at C:\Users\arifv\curseforge\minecraft\Instances\1.20.1-net0-done\mods}
[12:04:55] [main/INFO]: Found mod file igleelib-1.20.1-1.2.5.jar of type MOD with provider {mods folder locator at C:\Users\arifv\curseforge\minecraft\Instances\1.20.1-net0-done\mods}
[12:04:55] [main/INFO]: Found mod file IntegratedCrafting-1.20.1-1.1.9.jar of type MOD with provider {mods folder locator at C:\Users\arifv\curseforge\minecraft\Instances\1.20.1-net0-done\mods}
[12:04:55] [main/INFO]: Found mod file IntegratedDynamics-1.20.1-1.24.3.jar of type MOD with provider {mods folder locator at C:\Users\arifv\curseforge\minecraft\Instances\1.20.1-net0-done\mods}
[12:04:55] [main/INFO]: Found mod file IntegratedREST-1.20.1-1.1.11.jar of type MOD with provider {mods folder locator at C:\Users\arifv\curseforge\minecraft\Instances\1.20.1-net0-done\mods}
[12:04:55] [main/INFO]: Found mod file IntegratedScripting-1.20.1-1.0.9.jar of type MOD with provider {mods folder locator at C:\Users\arifv\curseforge\minecraft\Instances\1.20.1-net0-done\mods}
[12:04:55] [main/INFO]: Found mod file IntegratedTerminals-1.20.1-1.6.3.jar of type MOD with provider {mods folder locator at C:\Users\arifv\curseforge\minecraft\Instances\1.20.1-net0-done\mods}
[12:04:55] [main/INFO]: Found mod file IntegratedTunnels-1.20.1-1.8.32.jar of type MOD with provider {mods folder locator at C:\Users\arifv\curseforge\minecraft\Instances\1.20.1-net0-done\mods}
[12:04:55] [main/INFO]: Found mod file inventoryessentials-forge-1.20.1-8.2.6.jar of type MOD with provider {mods folder locator at C:\Users\arifv\curseforge\minecraft\Instances\1.20.1-net0-done\mods}
[12:04:55] [main/INFO]: Found mod file InventoryProfilesNext-forge-1.20-1.10.10.jar of type MOD with provider {mods folder locator at C:\Users\arifv\curseforge\minecraft\Instances\1.20.1-net0-done\mods}
[12:04:55] [main/INFO]: Found mod file item-filters-forge-2001.1.0-build.59.jar of type MOD with provider {mods folder locator at C:\Users\arifv\curseforge\minecraft\Instances\1.20.1-net0-done\mods}
[12:04:55] [main/INFO]: Found mod file Jade-1.20.1-Forge-11.12.2.jar of type MOD with provider {mods folder locator at C:\Users\arifv\curseforge\minecraft\Instances\1.20.1-net0-done\mods}
[12:04:55] [main/INFO]: Found mod file JAVD-Forge-5.0.1+mc1.20.1.jar of type MOD with provider {mods folder locator at C:\Users\arifv\curseforge\minecraft\Instances\1.20.1-net0-done\mods}
[12:04:55] [main/INFO]: Found mod file JustEnoughResources-1.20.1-1.4.0.247.jar of type MOD with provider {mods folder locator at C:\Users\arifv\curseforge\minecraft\Instances\1.20.1-net0-done\mods}
[12:04:55] [main/INFO]: Found mod file kotlinforforge-4.11.0-all.jar of type LIBRARY with provider {mods folder locator at C:\Users\arifv\curseforge\minecraft\Instances\1.20.1-net0-done\mods}
[12:04:55] [main/INFO]: Found mod file kubejs-forge-2001.6.5-build.16.jar of type MOD with provider {mods folder locator at C:\Users\arifv\curseforge\minecraft\Instances\1.20.1-net0-done\mods}
[12:04:55] [main/INFO]: Found mod file ldlib-forge-1.20.1-1.0.39.jar of type MOD with provider {mods folder locator at C:\Users\arifv\curseforge\minecraft\Instances\1.20.1-net0-done\mods}
[12:04:55] [main/INFO]: Found mod file libIPN-forge-1.20-4.0.2.jar of type MOD with provider {mods folder locator at C:\Users\arifv\curseforge\minecraft\Instances\1.20.1-net0-done\mods}
[12:04:55] [main/INFO]: Found mod file LibX-1.20.1-5.0.14.jar of type MOD with provider {mods folder locator at C:\Users\arifv\curseforge\minecraft\Instances\1.20.1-net0-done\mods}
[12:04:55] [main/INFO]: Found mod file mae2-1.2.1.jar of type MOD with provider {mods folder locator at C:\Users\arifv\curseforge\minecraft\Instances\1.20.1-net0-done\mods}
[12:04:55] [main/INFO]: Found mod file mcjtylib-1.20-8.0.6.jar of type MOD with provider {mods folder locator at C:\Users\arifv\curseforge\minecraft\Instances\1.20.1-net0-done\mods}
[12:04:55] [main/INFO]: Found mod file mcw-bridges-3.1.0-mc1.20.1forge.jar of type MOD with provider {mods folder locator at C:\Users\arifv\curseforge\minecraft\Instances\1.20.1-net0-done\mods}
[12:04:55] [main/INFO]: Found mod file mcw-doors-1.1.2-mc1.20.1forge.jar of type MOD with provider {mods folder locator at C:\Users\arifv\curseforge\minecraft\Instances\1.20.1-net0-done\mods}
[12:04:55] [main/INFO]: Found mod file mcw-fences-1.2.0-1.20.1forge.jar of type MOD with provider {mods folder locator at C:\Users\arifv\curseforge\minecraft\Instances\1.20.1-net0-done\mods}
[12:04:55] [main/INFO]: Found mod file mcw-furniture-3.3.0-mc1.20.1forge.jar of type MOD with provider {mods folder locator at C:\Users\arifv\curseforge\minecraft\Instances\1.20.1-net0-done\mods}
[12:04:55] [main/INFO]: Found mod file mcw-holidays-1.1.0-mc1.20.1forge.jar of type MOD with provider {mods folder locator at C:\Users\arifv\curseforge\minecraft\Instances\1.20.1-net0-done\mods}
[12:04:55] [main/INFO]: Found mod file mcw-lights-1.1.2-mc1.20.1forge.jar of type MOD with provider {mods folder locator at C:\Users\arifv\curseforge\minecraft\Instances\1.20.1-net0-done\mods}
[12:04:55] [main/INFO]: Found mod file mcw-paintings-1.0.5-1.20.1forge.jar of type MOD with provider {mods folder locator at C:\Users\arifv\curseforge\minecraft\Instances\1.20.1-net0-done\mods}
[12:04:55] [main/INFO]: Found mod file mcw-paths-1.1.0forge-mc1.20.1.jar of type MOD with provider {mods folder locator at C:\Users\arifv\curseforge\minecraft\Instances\1.20.1-net0-done\mods}
[12:04:55] [main/INFO]: Found mod file mcw-roofs-2.3.2-mc1.20.1forge.jar of type MOD with provider {mods folder locator at C:\Users\arifv\curseforge\minecraft\Instances\1.20.1-net0-done\mods}
[12:04:55] [main/INFO]: Found mod file mcw-stairs-1.0.1-1.20.1forge.jar of type MOD with provider {mods folder locator at C:\Users\arifv\curseforge\minecraft\Instances\1.20.1-net0-done\mods}
[12:04:55] [main/INFO]: Found mod file mcw-trapdoors-1.1.4-mc1.20.1forge.jar of type MOD with provider {mods folder locator at C:\Users\arifv\curseforge\minecraft\Instances\1.20.1-net0-done\mods}
[12:04:55] [main/INFO]: Found mod file mcw-windows-2.3.0-mc1.20.1forge.jar of type MOD with provider {mods folder locator at C:\Users\arifv\curseforge\minecraft\Instances\1.20.1-net0-done\mods}
[12:04:55] [main/INFO]: Found mod file Mekanism-1.20.1-10.4.13.69.jar of type MOD with provider {mods folder locator at C:\Users\arifv\curseforge\minecraft\Instances\1.20.1-net0-done\mods}
[12:04:55] [main/INFO]: Found mod file MekanismGenerators-1.20.1-10.4.13.69.jar of type MOD with provider {mods folder locator at C:\Users\arifv\curseforge\minecraft\Instances\1.20.1-net0-done\mods}
[12:04:55] [main/INFO]: Found mod file MekanismTools-1.20.1-10.4.13.69.jar of type MOD with provider {mods folder locator at C:\Users\arifv\curseforge\minecraft\Instances\1.20.1-net0-done\mods}
[12:04:55] [main/INFO]: Found mod file modelfix-1.15.jar of type MOD with provider {mods folder locator at C:\Users\arifv\curseforge\minecraft\Instances\1.20.1-net0-done\mods}
[12:04:55] [main/INFO]: Found mod file modernfix-forge-5.18.6+mc1.20.1.jar of type MOD with provider {mods folder locator at C:\Users\arifv\curseforge\minecraft\Instances\1.20.1-net0-done\mods}
[12:04:55] [main/INFO]: Found mod file monomorphism-1.20.1-1.0.10.jar of type MOD with provider {mods folder locator at C:\Users\arifv\curseforge\minecraft\Instances\1.20.1-net0-done\mods}
[12:04:55] [main/INFO]: Found mod file MouseTweaks-forge-mc1.20.1-2.25.1.jar of type MOD with provider {mods folder locator at C:\Users\arifv\curseforge\minecraft\Instances\1.20.1-net0-done\mods}
[12:04:55] [main/INFO]: Found mod file MTR-forge-1.20.1-3.2.2-hotfix-2.jar of type MOD with provider {mods folder locator at C:\Users\arifv\curseforge\minecraft\Instances\1.20.1-net0-done\mods}
[12:04:55] [main/INFO]: Found mod file NoChatReports-FORGE-1.20.1-v2.2.2.jar of type MOD with provider {mods folder locator at C:\Users\arifv\curseforge\minecraft\Instances\1.20.1-net0-done\mods}
[12:04:55] [main/INFO]: Found mod file Placebo-1.20.1-8.6.2.jar of type MOD with provider {mods folder locator at C:\Users\arifv\curseforge\minecraft\Instances\1.20.1-net0-done\mods}
[12:04:55] [main/INFO]: Found mod file polylib-forge-2000.0.3-build.143.jar of type MOD with provider {mods folder locator at C:\Users\arifv\curseforge\minecraft\Instances\1.20.1-net0-done\mods}
[12:04:55] [main/INFO]: Found mod file polymorph-forge-0.49.5+1.20.1.jar of type MOD with provider {mods folder locator at C:\Users\arifv\curseforge\minecraft\Instances\1.20.1-net0-done\mods}
[12:04:55] [main/INFO]: Found mod file probejs-6.0.1-forge.jar of type MOD with provider {mods folder locator at C:\Users\arifv\curseforge\minecraft\Instances\1.20.1-net0-done\mods}
[12:04:55] [main/INFO]: Found mod file PuzzlesLib-v8.1.21-1.20.1-Forge.jar of type MOD with provider {mods folder locator at C:\Users\arifv\curseforge\minecraft\Instances\1.20.1-net0-done\mods}
[12:04:55] [main/INFO]: Found mod file REIPluginCompatibilities-forge-12.0.93.jar of type MOD with provider {mods folder locator at C:\Users\arifv\curseforge\minecraft\Instances\1.20.1-net0-done\mods}
[12:04:55] [main/INFO]: Found mod file resourcefulconfig-forge-1.20.1-2.1.2.jar of type MOD with provider {mods folder locator at C:\Users\arifv\curseforge\minecraft\Instances\1.20.1-net0-done\mods}
[12:04:55] [main/INFO]: Found mod file resourcefullib-forge-1.20.1-2.1.28.jar of type MOD with provider {mods folder locator at C:\Users\arifv\curseforge\minecraft\Instances\1.20.1-net0-done\mods}
[12:04:55] [main/INFO]: Found mod file rftoolsbase-1.20-5.0.5.jar of type MOD with provider {mods folder locator at C:\Users\arifv\curseforge\minecraft\Instances\1.20.1-net0-done\mods}
[12:04:55] [main/INFO]: Found mod file rftoolsbuilder-1.20-6.0.5.jar of type MOD with provider {mods folder locator at C:\Users\arifv\curseforge\minecraft\Instances\1.20.1-net0-done\mods}
[12:04:55] [main/INFO]: Found mod file rftoolscontrol-1.20-7.0.2.jar of type MOD with provider {mods folder locator at C:\Users\arifv\curseforge\minecraft\Instances\1.20.1-net0-done\mods}
[12:04:55] [main/INFO]: Found mod file rftoolspower-1.20-6.0.2.jar of type MOD with provider {mods folder locator at C:\Users\arifv\curseforge\minecraft\Instances\1.20.1-net0-done\mods}
[12:04:55] [main/INFO]: Found mod file rftoolsstorage-1.20-5.0.3.jar of type MOD with provider {mods folder locator at C:\Users\arifv\curseforge\minecraft\Instances\1.20.1-net0-done\mods}
[12:04:55] [main/INFO]: Found mod file rftoolsutility-1.20-6.0.6.jar of type MOD with provider {mods folder locator at C:\Users\arifv\curseforge\minecraft\Instances\1.20.1-net0-done\mods}
[12:04:55] [main/INFO]: Found mod file rhino-forge-2001.2.2-build.18.jar of type MOD with provider {mods folder locator at C:\Users\arifv\curseforge\minecraft\Instances\1.20.1-net0-done\mods}
[12:04:55] [main/INFO]: Found mod file RoughlyEnoughItems-12.1.785-forge.jar of type MOD with provider {mods folder locator at C:\Users\arifv\curseforge\minecraft\Instances\1.20.1-net0-done\mods}
[12:04:55] [main/INFO]: Found mod file Searchables-forge-1.20.1-1.0.3.jar of type MOD with provider {mods folder locator at C:\Users\arifv\curseforge\minecraft\Instances\1.20.1-net0-done\mods}
[12:04:55] [main/INFO]: Found mod file Shimmer-forge-1.20.1-0.2.4.jar of type MOD with provider {mods folder locator at C:\Users\arifv\curseforge\minecraft\Instances\1.20.1-net0-done\mods}
[12:04:55] [main/INFO]: Found mod file smoothboot(reloaded)-mc1.20.1-0.0.4.jar of type MOD with provider {mods folder locator at C:\Users\arifv\curseforge\minecraft\Instances\1.20.1-net0-done\mods}
[12:04:55] [main/INFO]: Found mod file sophisticatedbackpacks-1.20.1-3.20.5.1044.jar of type MOD with provider {mods folder locator at C:\Users\arifv\curseforge\minecraft\Instances\1.20.1-net0-done\mods}
[12:04:55] [main/INFO]: Found mod file sophisticatedcore-1.20.1-0.6.22.611.jar of type MOD with provider {mods folder locator at C:\Users\arifv\curseforge\minecraft\Instances\1.20.1-net0-done\mods}
[12:04:55] [main/INFO]: Found mod file starlight-1.1.2+forge.1cda73c.jar of type MOD with provider {mods folder locator at C:\Users\arifv\curseforge\minecraft\Instances\1.20.1-net0-done\mods}
[12:04:55] [main/INFO]: Found mod file storagedrawers-1.20.1-12.5.1.jar of type MOD with provider {mods folder locator at C:\Users\arifv\curseforge\minecraft\Instances\1.20.1-net0-done\mods}
[12:04:55] [main/INFO]: Found mod file ToastControl-1.20.1-8.0.3.jar of type MOD with provider {mods folder locator at C:\Users\arifv\curseforge\minecraft\Instances\1.20.1-net0-done\mods}
[12:04:55] [main/INFO]: Found mod file ToolBelt-1.20.1-1.20.01.jar of type MOD with provider {mods folder locator at C:\Users\arifv\curseforge\minecraft\Instances\1.20.1-net0-done\mods}
[12:04:55] [main/INFO]: Found mod file torchmaster-20.1.6.jar of type MOD with provider {mods folder locator at C:\Users\arifv\curseforge\minecraft\Instances\1.20.1-net0-done\mods}
[12:04:55] [main/INFO]: Found mod file TravelAnchors-1.20.1-5.0.1.jar of type MOD with provider {mods folder locator at C:\Users\arifv\curseforge\minecraft\Instances\1.20.1-net0-done\mods}
[12:04:55] [main/INFO]: Found mod file trenzalore-forge-3.3.10+mc1.20.1-all.jar of type MOD with provider {mods folder locator at C:\Users\arifv\curseforge\minecraft\Instances\1.20.1-net0-done\mods}
[12:04:55] [main/INFO]: Found mod file xnet-1.20-6.1.4.jar of type MOD with provider {mods folder locator at C:\Users\arifv\curseforge\minecraft\Instances\1.20.1-net0-done\mods}
[12:04:55] [main/INFO]: Found mod file xnetgases-1.20.1-5.0.0.jar of type MOD with provider {mods folder locator at C:\Users\arifv\curseforge\minecraft\Instances\1.20.1-net0-done\mods}
[12:04:55] [main/INFO]: Found mod file xtonesreworked-1.0.1-F_1.20.1-47.2.0.jar of type MOD with provider {mods folder locator at C:\Users\arifv\curseforge\minecraft\Instances\1.20.1-net0-done\mods}
[12:04:55] [main/INFO]: Found mod file YeetusExperimentus-Forge-2.3.1-build.6+mc1.20.1.jar of type MOD with provider {mods folder locator at C:\Users\arifv\curseforge\minecraft\Instances\1.20.1-net0-done\mods}
[12:04:55] [main/WARN]: Mod file C:\Users\arifv\curseforge\minecraft\Install\libraries\net\minecraftforge\fmlcore\1.20.1-47.3.10\fmlcore-1.20.1-47.3.10.jar is missing mods.toml file
[12:04:55] [main/WARN]: Mod file C:\Users\arifv\curseforge\minecraft\Install\libraries\net\minecraftforge\javafmllanguage\1.20.1-47.3.10\javafmllanguage-1.20.1-47.3.10.jar is missing mods.toml file
[12:04:55] [main/WARN]: Mod file C:\Users\arifv\curseforge\minecraft\Install\libraries\net\minecraftforge\lowcodelanguage\1.20.1-47.3.10\lowcodelanguage-1.20.1-47.3.10.jar is missing mods.toml file
[12:04:55] [main/WARN]: Mod file C:\Users\arifv\curseforge\minecraft\Install\libraries\net\minecraftforge\mclanguage\1.20.1-47.3.10\mclanguage-1.20.1-47.3.10.jar is missing mods.toml file
[12:04:55] [main/INFO]: Found mod file fmlcore-1.20.1-47.3.10.jar of type LIBRARY with provider net.minecraftforge.fml.loading.moddiscovery.MinecraftLocator@3a2b2322
[12:04:55] [main/INFO]: Found mod file javafmllanguage-1.20.1-47.3.10.jar of type LANGPROVIDER with provider net.minecraftforge.fml.loading.moddiscovery.MinecraftLocator@3a2b2322
[12:04:55] [main/INFO]: Found mod file lowcodelanguage-1.20.1-47.3.10.jar of type LANGPROVIDER with provider net.minecraftforge.fml.loading.moddiscovery.MinecraftLocator@3a2b2322
[12:04:55] [main/INFO]: Found mod file mclanguage-1.20.1-47.3.10.jar of type LANGPROVIDER with provider net.minecraftforge.fml.loading.moddiscovery.MinecraftLocator@3a2b2322
[12:04:55] [main/INFO]: Found mod file client-1.20.1-20230612.114412-srg.jar of type MOD with provider net.minecraftforge.fml.loading.moddiscovery.MinecraftLocator@3a2b2322
[12:04:55] [main/INFO]: Found mod file forge-1.20.1-47.3.10-universal.jar of type MOD with provider net.minecraftforge.fml.loading.moddiscovery.MinecraftLocator@3a2b2322
[12:04:56] [main/WARN]: Attempted to select a dependency jar for JarJar which was passed in as source: configuration. Using Mod File: C:\Users\arifv\curseforge\minecraft\Instances\1.20.1-net0-done\mods\configuration-forge-1.20.1-2.2.1.jar
[12:04:56] [main/WARN]: Attempted to select a dependency jar for JarJar which was passed in as source: ldlib. Using Mod File: C:\Users\arifv\curseforge\minecraft\Instances\1.20.1-net0-done\mods\ldlib-forge-1.20.1-1.0.39.jar
[12:04:56] [main/INFO]: Found 19 dependencies adding them to mods collection
[12:04:56] [main/INFO]: Found mod file mixinextras-forge-0.3.5.jar of type GAMELIBRARY with provider net.minecraftforge.fml.loading.moddiscovery.JarInJarDependencyLocator@49ec6a9f
[12:04:56] [main/INFO]: Found mod file kuma-api-forge-20.1.8+1.20.1.jar of type MOD with provider net.minecraftforge.fml.loading.moddiscovery.JarInJarDependencyLocator@49ec6a9f
[12:04:56] [main/INFO]: Found mod file caffeine-3.1.8.jar of type GAMELIBRARY with provider net.minecraftforge.fml.loading.moddiscovery.JarInJarDependencyLocator@49ec6a9f
[12:04:56] [main/INFO]: Found mod file UnRealConfig-core-12.3.4.jar of type GAMELIBRARY with provider net.minecraftforge.fml.loading.moddiscovery.JarInJarDependencyLocator@49ec6a9f
[12:04:56] [main/INFO]: Found mod file javaparser-symbol-solver-core-3.25.8.jar of type GAMELIBRARY with provider net.minecraftforge.fml.loading.moddiscovery.JarInJarDependencyLocator@49ec6a9f
[12:04:56] [main/INFO]: Found mod file yabn-1.0.3.jar of type GAMELIBRARY with provider net.minecraftforge.fml.loading.moddiscovery.JarInJarDependencyLocator@49ec6a9f
[12:04:56] [main/INFO]: Found mod file kfflang-4.11.0.jar of type LANGPROVIDER with provider net.minecraftforge.fml.loading.moddiscovery.JarInJarDependencyLocator@49ec6a9f
[12:04:56] [main/INFO]: Found mod file Registrate-MC1.20-1.3.11.jar of type GAMELIBRARY with provider net.minecraftforge.fml.loading.moddiscovery.JarInJarDependencyLocator@49ec6a9f
[12:04:56] [main/INFO]: Found mod file spectrelib-forge-0.13.15+1.20.1.jar of type MOD with provider net.minecraftforge.fml.loading.moddiscovery.JarInJarDependencyLocator@49ec6a9f
[12:04:56] [main/INFO]: Found mod file MixinExtras-0.3.5.jar of type GAMELIBRARY with provider net.minecraftforge.fml.loading.moddiscovery.JarInJarDependencyLocator@49ec6a9f
[12:04:56] [main/INFO]: Found mod file puzzlesaccessapi-forge-8.0.7.jar of type MOD with provider net.minecraftforge.fml.loading.moddiscovery.JarInJarDependencyLocator@49ec6a9f
[12:04:56] [main/INFO]: Found mod file kfflib-4.11.0.jar of type GAMELIBRARY with provider net.minecraftforge.fml.loading.moddiscovery.JarInJarDependencyLocator@49ec6a9f
[12:04:56] [main/INFO]: Found mod file kotlin-for-forge-4.11.0.jar of type LIBRARY with provider net.minecraftforge.fml.loading.moddiscovery.JarInJarDependencyLocator@49ec6a9f
[12:04:56] [main/INFO]: Found mod file kffmod-4.11.0.jar of type MOD with provider net.minecraftforge.fml.loading.moddiscovery.JarInJarDependencyLocator@49ec6a9f
[12:04:56] [main/INFO]: Found mod file UnRealConfig-gson-12.3.4.jar of type GAMELIBRARY with provider net.minecraftforge.fml.loading.moddiscovery.JarInJarDependencyLocator@49ec6a9f
[12:04:56] [main/INFO]: Found mod file flywheel-forge-1.20.1-0.6.10-7.jar of type MOD with provider net.minecraftforge.fml.loading.moddiscovery.JarInJarDependencyLocator@49ec6a9f
[12:04:56] [main/INFO]: Found mod file bytecodecs-1.0.2.jar of type GAMELIBRARY with provider net.minecraftforge.fml.loading.moddiscovery.JarInJarDependencyLocator@49ec6a9f
[12:04:56] [main/INFO]: Found mod file Java-WebSocket-1.5.6.jar of type GAMELIBRARY with provider net.minecraftforge.fml.loading.moddiscovery.JarInJarDependencyLocator@49ec6a9f
[12:04:56] [main/INFO]: Found mod file vineflower-1.9.3.jar of type GAMELIBRARY with provider net.minecraftforge.fml.loading.moddiscovery.JarInJarDependencyLocator@49ec6a9f
[12:04:59] [main/INFO]: Compatibility level set to JAVA_17
[12:04:59] [main/ERROR]: Mixin config rei-jei-internals-workaround.mixins.json does not specify "minVersion" property
[12:05:00] [main/ERROR]: Mixin config rei.mixins.json does not specify "minVersion" property
[12:05:00] [main/INFO]: Successfully loaded Mixin Connector [ca.spottedleaf.starlight.mixin.MixinConnector]
[12:05:00] [main/INFO]: Launching target 'forgeclient' with arguments [--version, forge-47.3.10, --gameDir, C:\Users\arifv\curseforge\minecraft\Instances\1.20.1-net0-done, --assetsDir, C:\Users\arifv\curseforge\minecraft\Install\assets, --uuid, f8f1bbe6f1cf43e8bda93c183c4bcbc3, --username, arifmini64, --assetIndex, 5, --accessToken, ????????, --clientId, YzhhNDU5MTctNWViMS00MzdjLWIyNDItNWU4NWUzMmU2ZTUx, --xuid, 2535422421823277, --userType, msa, --versionType, release, --width, 1024, --height, 768, --quickPlayPath, C:\Users\arifv\curseforge\minecraft\Install\quickPlay\java\1751087084689.json]
[12:05:00] [main/INFO]: Loaded configuration file for ModernFix 5.18.6+mc1.20.1: 83 options available, 1 override(s) found
[12:05:00] [main/WARN]: Option 'mixin.perf.thread_priorities' overriden (by mods [smoothboot]) to 'false'
[12:05:00] [main/INFO]: Applying Nashorn fix
[12:05:00] [main/INFO]: Applied Forge config corruption patch
[12:05:00] [main/INFO]: OptiFine was NOT detected.
[12:05:00] [main/INFO]: OptiFabric was NOT detected.
[12:05:00] [main/INFO]: Loaded configuration file for Embeddium: 178 options available, 0 override(s) found
[12:05:00] [main/INFO]: Searching for graphics cards...
[12:05:01] [main/INFO]: Found graphics card: GraphicsAdapterInfo[vendor=NVIDIA, name=NVIDIA GeForce RTX 4050 Laptop GPU, version=DriverVersion=32.0.15.7261]
[12:05:01] [main/INFO]: Found graphics card: GraphicsAdapterInfo[vendor=INTEL, name=Intel(R) UHD Graphics, version=DriverVersion=32.0.101.6733]
[12:05:01] [main/WARN]: Sodium has applied one or more workarounds to prevent crashes or other issues on your system: [NVIDIA_THREADED_OPTIMIZATIONS]
[12:05:01] [main/WARN]: This is not necessarily an issue, but it may result in certain features or optimizations being disabled. You can sometimes fix these issues by upgrading your graphics driver.
[12:05:01] [main/WARN]: Reference map 'probejs-forge-refmap.json' for probejs.mixins.json could not be read. If this is a development environment you can ignore this message
[12:05:01] [main/WARN]: Reference map 'mae2.mixins.refmap.json' for mixins.mae2.json could not be read. If this is a development environment you can ignore this message
[12:05:01] [main/INFO]: Loading 129 mods:
	- ae2 15.2.13
	- alternate_current 1.7.0
	- appleskin 2.5.1+mc1.20.1
	- appmek 1.4.2
	- architects_palette 1.3.6.1
		\-- mixinextras 0.3.5
	- architectury 9.2.14
	- attributefix 21.0.4
	- badpackets 0.4.3
	- balm 7.3.6
		\-- kuma_api 20.1.8
	- bettertags 1.20.1-1.1
	- bookshelf 20.2.13
	- botarium 2.3.4
	- buildinggadgets2 1.0.7
	- clienttweaks 11.1.0
	- cloth_config 11.1.118
	- clumps 12.0.0.4
	- commoncapabilities 2.9.3
	- configuration 2.2.1
	- controlling 12.0.2
	- craftingstation 1.20.1-1.2
	- craftingtweaks 18.2.4
	- create 0.5.1.f
		\-- flywheel 0.6.10-7
	- createaddition 1.20.1-1.2.4e
	- curios 5.9.1+1.20.1
	- cyclopscore 1.19.5
	- defaultoptions 18.0.1
	- elevatorid 1.20.1-lex-1.9
	- embeddium 0.3.19+mc1.20.1
		\-- rubidium 0.7.1
	- expatternprovider 1.20-1.1.12-forge
	- fastleafdecay 32
	- fastload 3.4.0
	- fastsuite 5.0.1
	- ferritecore 6.0.1
	- findme 3.2.1
	- forge 47.3.10
	- fpsreducer 1.20-2.5
	- framedblocks 9.3.1
	- ftbbackups2 1.0.23
	- ftbchunks 2001.3.1
	- ftbessentials 2001.2.2
	- ftblibrary 2001.2.2
	- ftbquests 2001.4.7
	- ftbteams 2001.3.0
	- ftbxmodcompat 2.1.1
	- glodium 1.20-1.5-forge
	- gregfluxology 0.0.1
	- gtceu 1.6.4
	- gtnn 1.1.12
	- hangglider 8.0.1
	- iceberg 1.1.25
	- igleelib 1.2.5
	- integratedcrafting 1.1.9
	- integrateddynamics 1.24.3
		\-- integrateddynamicscompat 1.24.3
	- integratedrest 1.1.11
	- integratedscripting 1.0.9
	- integratedterminals 1.6.3
		\-- integratedterminalscompat 1.6.3
	- integratedtunnels 1.8.32
		\-- integratedtunnelscompat 1.8.32
	- inventoryessentials 8.2.6
	- inventoryprofilesnext 1.10.10
	- itemfilters 2001.1.0-build.59
	- jade 11.12.2+forge
	- javd 5.0.1+mc1.20.1
	- jeresources 1.4.0.247
	- kotlinforforge 4.11.0
	- kubejs 2001.6.5-build.16
	- ldlib 1.0.39
	- libipn 4.0.2
	- libx 1.20.1-5.0.14
	- mae2 1.2.1
	- mcjtylib 1.20-8.0.6
	- mcwbridges 3.1.0
	- mcwdoors 1.1.2
	- mcwfences 1.2.0
	- mcwfurnitures 3.3.0
	- mcwholidays 1.1.0
	- mcwlights 1.1.2
	- mcwpaintings 1.0.5
	- mcwpaths 1.1.0
	- mcwroofs 2.3.2
	- mcwstairs 1.0.1
	- mcwtrpdoors 1.1.4
	- mcwwindows 2.3.0
	- mekanism 10.4.13
	- mekanismgenerators 10.4.13
	- mekanismtools 10.4.13
	- minecraft 1.20.1
	- modelfix 1.15
	- modernfix 5.18.6+mc1.20.1
	- monomorphism 1.0.10
	- mousetweaks 2.25.1
	- mtr 1.20.1-3.2.2-hotfix-2
	- nochatreports 1.20.1-v2.2.2
	- placebo 8.6.2
	- polylib 2000.0.3-build.143
	- polymorph 0.49.5+1.20.1
		\-- spectrelib 0.13.15+1.20.1
	- probejs 6.0.1
	- puzzleslib 8.1.21
		\-- puzzlesaccessapi 8.0.7
	- rei_plugin_compatibilities 12.0.93
		\-- jei 15.9999
	- resourcefulconfig 2.1.2
	- resourcefullib 2.1.28
	- rftoolsbase 1.20-5.0.5
	- rftoolsbuilder 1.20-6.0.5
	- rftoolscontrol 1.20-7.0.2
	- rftoolspower 1.20-6.0.2
	- rftoolsstorage 1.20-5.0.3
	- rftoolsutility 1.20-6.0.6
	- rhino 2001.2.2-build.18
	- roughlyenoughitems 12.1.785
	- searchables 1.0.3
	- shimmer 1.20.1-0.2.4
	- smoothboot 0.0.4
	- sophisticatedbackpacks 3.20.5.1044
	- sophisticatedcore 0.6.22.611
	- starlight 1.1.2+forge.1cda73c
	- storagedrawers 12.5.1
	- toastcontrol 8.0.3
	- toolbelt 1.20.01
	- torchmaster 20.1.6
	- travelanchors 1.20.1-5.0.1
	- trenzalore 3.3.10
	- xnet 1.20-6.1.4
	- xnetgases 5.0.0
	- xtonesreworked 1.0.1
	- yeetusexperimentus 2.3.1-build.6+mc1.20.1
[12:05:01] [main/INFO]: Patching IForgeItemStack#getEnchantmentLevel
[12:05:02] [main/INFO]: Patching IForgeItemStack#getEnchantmentLevel
[12:05:02] [main/WARN]: Error loading class: mezz/jei/library/gui/recipes/layout/builder/RecipeSlotBuilder (java.lang.ClassNotFoundException: mezz.jei.library.gui.recipes.layout.builder.RecipeSlotBuilder)
[12:05:02] [main/WARN]: @Mixin target mezz.jei.library.gui.recipes.layout.builder.RecipeSlotBuilder was not found ldlib-common.mixins.json:jei.RecipeSlotBuilderMixin
[12:05:02] [main/WARN]: Error loading class: mezz/jei/library/gui/ingredients/RecipeSlot (java.lang.ClassNotFoundException: mezz.jei.library.gui.ingredients.RecipeSlot)
[12:05:02] [main/WARN]: @Mixin target mezz.jei.library.gui.ingredients.RecipeSlot was not found ldlib-common.mixins.json:jei.RecipeSlotMixin
[12:05:02] [main/INFO]: bre2el.fpsreducer.mixin.RenderSystemMixin will be applied.
[12:05:02] [main/INFO]: bre2el.fpsreducer.mixin.WindowMixin will NOT be applied because OptiFine was NOT detected.
[12:05:02] [main/WARN]: Inventory Profiles Next: Doing our own dependency resolving! Because Forge is being Forge....: https://github.com/MinecraftForge/MinecraftForge/issues/9088
[12:05:02] [main/WARN]: Error loading class: de/maxhenkel/easyvillagers/blocks/tileentity/TraderTileentityBase (java.lang.ClassNotFoundException: de.maxhenkel.easyvillagers.blocks.tileentity.TraderTileentityBase)
[12:05:02] [main/WARN]: @Mixin target de.maxhenkel.easyvillagers.blocks.tileentity.TraderTileentityBase was not found mixins.ipnext.json:MixinTraderTileEntityBase
[12:05:02] [main/WARN]: Error loading class: mezz/modnametooltip/TooltipEventHandler (java.lang.ClassNotFoundException: mezz.modnametooltip.TooltipEventHandler)
[12:05:02] [main/WARN]: Error loading class: mezz/jei/forge/platform/FluidHelper (java.lang.ClassNotFoundException: mezz.jei.forge.platform.FluidHelper)
[12:05:02] [main/WARN]: @Mixin target mezz.jei.forge.platform.FluidHelper was not found gtceu.mixins.json:jei.FluidHelperMixin
[12:05:02] [main/WARN]: Error loading class: journeymap/client/ui/fullscreen/Fullscreen (java.lang.ClassNotFoundException: journeymap.client.ui.fullscreen.Fullscreen)
[12:05:02] [main/WARN]: @Mixin target journeymap.client.ui.fullscreen.Fullscreen was not found gtceu.mixins.json:journeymap.FullscreenMixin
[12:05:02] [main/WARN]: Error loading class: xaero/common/minimap/highlight/HighlighterRegistry (java.lang.ClassNotFoundException: xaero.common.minimap.highlight.HighlighterRegistry)
[12:05:02] [main/WARN]: @Mixin target xaero.common.minimap.highlight.HighlighterRegistry was not found gtceu.mixins.json:xaerominimap.HighlighterRegistryMixin
[12:05:02] [main/WARN]: Error loading class: xaero/common/minimap/render/MinimapFBORenderer (java.lang.ClassNotFoundException: xaero.common.minimap.render.MinimapFBORenderer)
[12:05:02] [main/WARN]: @Mixin target xaero.common.minimap.render.MinimapFBORenderer was not found gtceu.mixins.json:xaerominimap.MinimapFBORendererMixin
[12:05:02] [main/WARN]: Error loading class: xaero/map/gui/GuiMap (java.lang.ClassNotFoundException: xaero.map.gui.GuiMap)
[12:05:02] [main/WARN]: @Mixin target xaero.map.gui.GuiMap was not found gtceu.mixins.json:xaeroworldmap.GuiMapMixin
[12:05:02] [main/WARN]: Error loading class: xaero/map/element/MapElementRenderHandler$Builder (java.lang.ClassNotFoundException: xaero.map.element.MapElementRenderHandler$Builder)
[12:05:02] [main/WARN]: @Mixin target xaero.map.element.MapElementRenderHandler$Builder was not found gtceu.mixins.json:xaeroworldmap.MapElementRenderHandlerBuilderMixin
[12:05:02] [main/WARN]: Error loading class: xaero/map/WorldMapSession (java.lang.ClassNotFoundException: xaero.map.WorldMapSession)
[12:05:02] [main/WARN]: @Mixin target xaero.map.WorldMapSession was not found gtceu.mixins.json:xaeroworldmap.WorldMapSessionMixin
[12:05:03] [main/WARN]: Error loading class: net/coderbot/iris/gl/buffer/ShaderStorageBuffer (java.lang.ClassNotFoundException: net.coderbot.iris.gl.buffer.ShaderStorageBuffer)
[12:05:03] [main/WARN]: @Mixin target net.coderbot.iris.gl.buffer.ShaderStorageBuffer was not found shimmer.forge.mixins.json:rubidium.ShaderStorageBufferAccessor
[12:05:03] [main/INFO]: Initializing MixinExtras via com.llamalad7.mixinextras.service.MixinExtrasServiceImpl(version=0.3.5).
[12:05:03] [main/INFO]: Patching IForgeItemStack#getEnchantmentLevel
[12:05:03] [main/INFO]: Patching IForgeItemStack#getEnchantmentLevel
[12:05:03] [main/INFO]: Mixing client.MixinMinecraft from mixins/common/nochatreports.mixins.json into net.minecraft.client.Minecraft
[12:05:04] [main/INFO]: Smooth Boot (Reloaded) config initialized
[12:05:04] [main/WARN]: Static binding violation: PRIVATE @Overwrite method m_216202_ in modernfix-forge.mixins.json:perf.tag_id_caching.TagOrElementLocationMixin cannot reduce visibiliy of PUBLIC target method, visibility will be upgraded.
[12:05:06] [pool-4-thread-1/INFO]: ModernFix reached bootstrap stage (21.71 s after launch)
[12:05:06] [pool-4-thread-1/WARN]: @Final field delegatesByName:Ljava/util/Map; in modernfix-forge.mixins.json:perf.forge_registry_alloc.ForgeRegistryMixin should be final
[12:05:06] [pool-4-thread-1/WARN]: @Final field delegatesByValue:Ljava/util/Map; in modernfix-forge.mixins.json:perf.forge_registry_alloc.ForgeRegistryMixin should be final
[12:05:06] [pool-4-thread-1/INFO]: Injecting BlockStateBase cache population hook into getOpacityIfCached from ca.spottedleaf.starlight.mixin.common.blockstate.BlockStateBaseMixin
[12:05:06] [pool-4-thread-1/INFO]: Injecting BlockStateBase cache population hook into isConditionallyFullOpaque from ca.spottedleaf.starlight.mixin.common.blockstate.BlockStateBaseMixin
[12:05:08] [pool-4-thread-1/INFO]: Vanilla bootstrap took 2366 milliseconds
[12:05:09] [pool-4-thread-1/INFO]: Mixing common.MixinFriendlyByteBuf from mixins/common/nochatreports.mixins.json into net.minecraft.network.FriendlyByteBuf
[12:05:09] [pool-4-thread-1/INFO]: Renaming synthetic method lambda$onWriteJsonWithCodec$1(Ljava/lang/Object;Ljava/lang/String;)Lio/netty/handler/codec/EncoderException; to md4b81d9$lambda$onWriteJsonWithCodec$1$0 in mixins/common/nochatreports.mixins.json:common.MixinFriendlyByteBuf
[12:05:09] [pool-4-thread-1/INFO]: Renaming synthetic method lambda$onReadJsonWithCodec$0(Ljava/lang/String;)Lio/netty/handler/codec/DecoderException; to md4b81d9$lambda$onReadJsonWithCodec$0$1 in mixins/common/nochatreports.mixins.json:common.MixinFriendlyByteBuf
[12:05:09] [pool-4-thread-1/INFO]: Patching IForgeItemStack#getEnchantmentLevel
[12:05:09] [pool-4-thread-1/INFO]: Patching IForgeItemStack#getEnchantmentLevel
[12:05:11] [pool-4-thread-1/INFO]: Mixing server.MixinServerGamePacketListenerImpl from mixins/common/nochatreports.mixins.json into net.minecraft.server.network.ServerGamePacketListenerImpl
[12:05:11] [pool-4-thread-1/WARN]: Static binding violation: PRIVATE @Overwrite method m_47505_ in modernfix-common.mixins.json:perf.remove_biome_temperature_cache.BiomeMixin cannot reduce visibiliy of PUBLIC target method, visibility will be upgraded.
[12:05:13] [Render thread/WARN]: Static binding violation: PRIVATE @Overwrite method m_166786_ in embeddium.mixins.json:features.render.immediate.buffer_builder.sorting.BufferBuilderMixin cannot reduce visibiliy of PUBLIC target method, visibility will be upgraded.
[12:05:13] [Render thread/INFO]: Mixing client.MixinChatScreen from mixins/common/nochatreports.mixins.json into net.minecraft.client.gui.screens.ChatScreen
[12:05:13] [Render thread/INFO]: Renaming synthetic method lambda$onInit$4()Lnet/minecraft/network/chat/Component; to md4b81d9$lambda$onInit$4$0 in mixins/common/nochatreports.mixins.json:client.MixinChatScreen
[12:05:13] [Render thread/INFO]: Renaming synthetic method lambda$onInit$3(Lnet/minecraft/client/gui/components/Button;)V to md4b81d9$lambda$onInit$3$1 in mixins/common/nochatreports.mixins.json:client.MixinChatScreen
[12:05:13] [Render thread/INFO]: Renaming synthetic method lambda$onInit$2()Lnet/minecraft/network/chat/Component; to md4b81d9$lambda$onInit$2$2 in mixins/common/nochatreports.mixins.json:client.MixinChatScreen
[12:05:13] [Render thread/INFO]: Renaming synthetic method lambda$onInit$1(Lnet/minecraft/client/gui/components/Button;)V to md4b81d9$lambda$onInit$1$3 in mixins/common/nochatreports.mixins.json:client.MixinChatScreen
[12:05:13] [Render thread/INFO]: Renaming synthetic method lambda$onBeforeMessage$0(Ljava/lang/String;Lorg/spongepowered/asm/mixin/injection/callback/CallbackInfoReturnable;Lcom/aizistral/nochatreports/common/encryption/Encryptor;)V to md4b81d9$lambda$onBeforeMessage$0$4 in mixins/common/nochatreports.mixins.json:client.MixinChatScreen
[12:05:13] [Render thread/INFO]: Mixing client.MixinTitleScreen from mixins/common/nochatreports.mixins.json into net.minecraft.client.gui.screens.TitleScreen
[12:05:13] [Render thread/WARN]: Assets URL 'union:/C:/Users/arifv/curseforge/minecraft/Install/libraries/net/minecraft/client/1.20.1-20230612.114412/client-1.20.1-20230612.114412-srg.jar%23400!/assets/.mcassetsroot' uses unexpected schema
[12:05:13] [Render thread/WARN]: Assets URL 'union:/C:/Users/arifv/curseforge/minecraft/Install/libraries/net/minecraft/client/1.20.1-20230612.114412/client-1.20.1-20230612.114412-srg.jar%23400!/data/.mcassetsroot' uses unexpected schema
[12:05:13] [Render thread/INFO]: Environment: authHost='https://authserver.mojang.com', accountsHost='https://api.mojang.com', sessionHost='https://sessionserver.mojang.com', servicesHost='https://api.minecraftservices.com', name='PROD'
[12:05:14] [Render thread/INFO]: Setting user: arifmini64
[12:05:14] [Render thread/INFO]: Bypassed Mojang DFU
[12:05:14] [Render thread/INFO]: Mixing client.MixinToastComponent from mixins/common/nochatreports.mixins.json into net.minecraft.client.gui.components.toasts.ToastComponent
[12:05:14] [Render thread/INFO]: Mixing client.MixinOptions from mixins/common/nochatreports.mixins.json into net.minecraft.client.Options
[12:05:14] [Render thread/INFO]: Renaming synthetic method lambda$onlyShowSecureChat$0(Ljava/lang/Boolean;)V to md4b81d9$lambda$onlyShowSecureChat$0$0 in mixins/common/nochatreports.mixins.json:client.MixinOptions
[12:05:14] [Render thread/INFO]: Mixing client.MixinChatComponent from mixins/common/nochatreports.mixins.json into net.minecraft.client.gui.components.ChatComponent
[12:05:14] [Render thread/INFO]: Renaming synthetic method lambda$modifyGUIMessage$1()V to md4b81d9$lambda$modifyGUIMessage$1$0 in mixins/common/nochatreports.mixins.json:client.MixinChatComponent
[12:05:14] [Render thread/INFO]: Renaming synthetic method lambda$modifyGUIMessage$0(Lnet/minecraft/network/chat/FormattedText;Lnet/minecraft/network/chat/Component;)V to md4b81d9$lambda$modifyGUIMessage$0$1 in mixins/common/nochatreports.mixins.json:client.MixinChatComponent
[12:05:14] [Render thread/INFO]: BeforeConstant is searching for constants in method with descriptor (Lnet/minecraft/network/chat/Component;Lnet/minecraft/client/GuiMessageTag;)V
[12:05:14] [Render thread/INFO]:   BeforeConstant found STRING constant: value = , stringValue = null
[12:05:14] [Render thread/INFO]:     BeforeConstant found a matching constant TYPE at ordinal 0
[12:05:14] [Render thread/INFO]:       BeforeConstant found LdcInsn 
[12:05:14] [Render thread/INFO]:   BeforeConstant found STRING constant: value = \\r, stringValue = null
[12:05:14] [Render thread/INFO]:     BeforeConstant found a matching constant TYPE at ordinal 1
[12:05:14] [Render thread/INFO]:       BeforeConstant found LdcInsn \\r
[12:05:14] [Render thread/INFO]:   BeforeConstant found STRING constant: value = 
, stringValue = null
[12:05:14] [Render thread/INFO]:     BeforeConstant found a matching constant TYPE at ordinal 2
[12:05:14] [Render thread/INFO]:       BeforeConstant found LdcInsn 

[12:05:14] [Render thread/INFO]:   BeforeConstant found STRING constant: value = \\n, stringValue = null
[12:05:14] [Render thread/INFO]:     BeforeConstant found a matching constant TYPE at ordinal 3
[12:05:14] [Render thread/INFO]:       BeforeConstant found LdcInsn \\n
[12:05:14] [Render thread/INFO]:   BeforeConstant found CLASS constant: value = Ljava/lang/String;, typeValue = null
[12:05:14] [Render thread/INFO]:   BeforeConstant found STRING constant: value = [{}] [CHAT] {}, stringValue = null
[12:05:14] [Render thread/INFO]:     BeforeConstant found a matching constant TYPE at ordinal 4
[12:05:14] [Render thread/INFO]:       BeforeConstant found LdcInsn [{}] [CHAT] {}
[12:05:14] [Render thread/INFO]:   BeforeConstant found STRING constant: value = [CHAT] {}, stringValue = null
[12:05:14] [Render thread/INFO]:     BeforeConstant found a matching constant TYPE at ordinal 5
[12:05:14] [Render thread/INFO]:       BeforeConstant found LdcInsn [CHAT] {}
[12:05:14] [Render thread/INFO]: Mixing client.MixinGuiMessageTagIcon from mixins/common/nochatreports.mixins.json into net.minecraft.client.GuiMessageTag$Icon
[12:05:14] [Render thread/INFO]: Renaming @Invoker method create(Ljava/lang/String;IIIII)Lnet/minecraft/client/GuiMessageTag$Icon; to create_$md$4b81d9$0 in mixins/common/nochatreports.mixins.json:client.MixinGuiMessageTagIcon
[12:05:14] [Render thread/INFO]: Loaded default options for extra-folder
[12:05:14] [Render thread/INFO]: Backend library: LWJGL version 3.3.1 build 7
[12:05:14] [Render thread/INFO]: Loaded client.properties
[12:05:14] [Render thread/WARN]: Applying workaround: Prevent the NVIDIA OpenGL driver from using broken optimizations (NVIDIA_THREADED_OPTIMIZATIONS)
[12:05:14] [Render thread/INFO]: OpenGL Vendor: NVIDIA Corporation
[12:05:14] [Render thread/INFO]: OpenGL Renderer: NVIDIA GeForce RTX 4050 Laptop GPU/PCIe/SSE2
[12:05:14] [Render thread/INFO]: OpenGL Version: 4.6.0 NVIDIA 572.61
[12:05:14] [modloading-worker-0/INFO]: Mixing server.MixinPlayerList from mixins/common/nochatreports.mixins.json into net.minecraft.server.players.PlayerList
[12:05:15] [modloading-worker-0/INFO]: Mixing client.MixinClientConnection from mixins/forge/nochatreports-forge.mixins.json into net.minecraft.network.Connection
[12:05:15] [modloading-worker-0/INFO]: LowDragLib is initializing on platform: Forge
[12:05:15] [modloading-worker-0/INFO]: Registering S2C receiver with id architectury:sync_ids
[12:05:15] [modloading-worker-0/INFO]: Registering C2S receiver with id architectury:sync_ids
[12:05:15] [modloading-worker-0/INFO]: Registering S2C receiver with id ftbessentials:update_tab_name
[12:05:15] [modloading-worker-0/INFO]: Fixing MC-151457. Crafting remainder for minecraft:pufferfish_bucket is now minecraft:bucket.
[12:05:15] [modloading-worker-0/INFO]: Fixing MC-151457. Crafting remainder for minecraft:salmon_bucket is now minecraft:bucket.
[12:05:15] [modloading-worker-0/INFO]: Fixing MC-151457. Crafting remainder for minecraft:cod_bucket is now minecraft:bucket.
[12:05:15] [modloading-worker-0/INFO]: Fixing MC-151457. Crafting remainder for minecraft:tropical_fish_bucket is now minecraft:bucket.
[12:05:15] [modloading-worker-0/INFO]: Fixing MC-151457. Crafting remainder for minecraft:axolotl_bucket is now minecraft:bucket.
[12:05:15] [modloading-worker-0/INFO]: Fixing MC-151457. Crafting remainder for minecraft:powder_snow_bucket is now minecraft:bucket.
[12:05:15] [modloading-worker-0/INFO]: Fixing MC-151457. Crafting remainder for minecraft:tadpole_bucket is now minecraft:bucket.
[12:05:15] [modloading-worker-0/INFO]: Constructing common components for hangglider:main
[12:05:15] [modloading-worker-0/INFO]: Registering C2S receiver with id findme:default/93a3df5fb37f371cb25c481f6e5b9323
[12:05:15] [modloading-worker-0/INFO]: Registering S2C receiver with id findme:default/93a3df5fb37f371cb25c481f6e5b9323
[12:05:15] [modloading-worker-0/INFO]: Registering S2C receiver with id polylib:container_to_client
[12:05:15] [modloading-worker-0/INFO]: Registering S2C receiver with id polylib:tile_to_client
[12:05:15] [modloading-worker-0/INFO]: Registering C2S receiver with id polylib:container_packet_server
[12:05:15] [modloading-worker-0/INFO]: Registering C2S receiver with id polylib:tile_data_server
[12:05:15] [modloading-worker-0/INFO]: Registering C2S receiver with id polylib:tile_packet_server
[12:05:15] [modloading-worker-0/INFO]: Registering C2S receiver with id findme:default/b71e26ec071d32928d9fb5d2c3ec8a7a
[12:05:15] [modloading-worker-0/INFO]: Registering S2C receiver with id findme:default/b71e26ec071d32928d9fb5d2c3ec8a7a
[12:05:15] [modloading-worker-0/INFO]: Registering C2S receiver with id findme:default/1f516f929b313631ad555a7b42b1d39c
[12:05:15] [modloading-worker-0/INFO]: Registering S2C receiver with id findme:default/1f516f929b313631ad555a7b42b1d39c
[12:05:16] [modloading-worker-0/INFO]: Registering S2C receiver with id ftblibrary:edit_nbt
[12:05:16] [modloading-worker-0/INFO]: Registering C2S receiver with id ftblibrary:edit_nbt_response
[12:05:16] [modloading-worker-0/INFO]: Registering S2C receiver with id ftblibrary:sync_known_server_registries
[12:05:16] [modloading-worker-0/INFO]: Registering S2C receiver with id ftblibrary:edit_config
[12:05:16] [modloading-worker-0/INFO]: Registering S2C receiver with id ftbteams:sync_teams
[12:05:16] [modloading-worker-0/INFO]: Registering S2C receiver with id ftbteams:sync_message_history
[12:05:16] [modloading-worker-0/INFO]: Registering C2S receiver with id ftbteams:open_gui
[12:05:16] [modloading-worker-0/INFO]: Registering S2C receiver with id ftbteams:open_my_team_gui
[12:05:16] [modloading-worker-0/INFO]: Registering C2S receiver with id ftbteams:update_settings
[12:05:16] [modloading-worker-0/INFO]: Registering S2C receiver with id ftbteams:update_settings_response
[12:05:16] [modloading-worker-0/INFO]: Registering C2S receiver with id ftbteams:send_message
[12:05:16] [modloading-worker-0/INFO]: Registering S2C receiver with id ftbteams:send_message_response
[12:05:16] [modloading-worker-0/INFO]: Constructing client components for hangglider:main
[12:05:16] [modloading-worker-0/INFO]: Registering S2C receiver with id ftbteams:update_presence
[12:05:16] [modloading-worker-0/INFO]: Registering C2S receiver with id ftbteams:create_party
[12:05:16] [modloading-worker-0/INFO]: Registering C2S receiver with id ftbteams:player_gui_operation
[12:05:16] [modloading-worker-0/INFO]: Registering C2S receiver with id itemfilters:main/14e7fa1454283aec8ae811ef844ada28
[12:05:16] [modloading-worker-0/INFO]: Registering S2C receiver with id itemfilters:main/14e7fa1454283aec8ae811ef844ada28
[12:05:16] [modloading-worker-0/INFO]: Registering C2S receiver with id itemfilters:main/8f6a899247753217b9d86ab427a2b279
[12:05:16] [modloading-worker-0/INFO]: Registering S2C receiver with id itemfilters:main/8f6a899247753217b9d86ab427a2b279
[12:05:16] [modloading-worker-0/INFO]: Registering C2S receiver with id ftbchunks:request_map_data
[12:05:17] [modloading-worker-0/INFO]: Registering S2C receiver with id ftbchunks:send_all_chunks
[12:05:17] [modloading-worker-0/INFO]: Registering S2C receiver with id ftbchunks:login_data
[12:05:17] [modloading-worker-0/INFO]: Registering C2S receiver with id ftbchunks:request_chunk_change
[12:05:17] [modloading-worker-0/INFO]: Forge mod loading, version 47.3.10, for MC 1.20.1 with MCP 20230612.114412
[12:05:17] [modloading-worker-0/INFO]: MinecraftForge v47.3.10 Initialized
[12:05:17] [modloading-worker-0/INFO]: Registering S2C receiver with id ftbchunks:send_chunk
[12:05:17] [modloading-worker-0/INFO]: Registering S2C receiver with id ftbchunks:send_general_data
[12:05:17] [modloading-worker-0/INFO]: Registering C2S receiver with id ftbchunks:teleport_from_map
[12:05:17] [modloading-worker-0/INFO]: Registering S2C receiver with id ftbchunks:player_death
[12:05:17] [modloading-worker-0/INFO]: Registering S2C receiver with id ftbchunks:send_visible_player_list
[12:05:17] [modloading-worker-0/INFO]: Registering C2S receiver with id ftbchunks:sync_tx
[12:05:17] [modloading-worker-0/INFO]: Registering S2C receiver with id ftbchunks:sync_rx
[12:05:17] [modloading-worker-0/INFO]: Registering S2C receiver with id ftbchunks:loaded_chunk_view
[12:05:17] [modloading-worker-0/INFO]: Registering S2C receiver with id ftbchunks:send_player_position
[12:05:17] [modloading-worker-0/INFO]: Registering C2S receiver with id ftbchunks:update_force_load_expiry
[12:05:17] [modloading-worker-0/INFO]: Registering C2S receiver with id ftbchunks:server_config_request
[12:05:17] [modloading-worker-0/INFO]: Registering S2C receiver with id ftbchunks:server_config_response
[12:05:17] [modloading-worker-0/INFO]: Registering S2C receiver with id ftbchunks:chunk_change_response
[12:05:17] [modloading-worker-0/INFO]: Registering S2C receiver with id ftbchunks:request_block_color
[12:05:17] [modloading-worker-0/INFO]: Registering S2C receiver with id ftbchunks:add_waypoint
[12:05:17] [modloading-worker-0/INFO]: Using default implementation for ThreadExecutor
[12:05:17] [modloading-worker-0/INFO]: Initialized Scheduler Signaller of type: class net.creeperhost.ftbbackups.repack.org.quartz.core.SchedulerSignalerImpl
[12:05:17] [modloading-worker-0/INFO]: Quartz Scheduler v.2.0.2 created.
[12:05:17] [modloading-worker-0/INFO]: RAMJobStore initialized.
[12:05:17] [modloading-worker-0/INFO]: Scheduler meta-data: Quartz Scheduler (v2.0.2) 'ftbbackups2' with instanceId 'NON_CLUSTERED'
  Scheduler class: 'net.creeperhost.ftbbackups.repack.org.quartz.core.QuartzScheduler' - running locally.
  NOT STARTED.
  Currently in standby mode.
  Number of jobs executed: 0
  Using thread pool 'net.creeperhost.ftbbackups.repack.org.quartz.simpl.SimpleThreadPool' - with 1 threads.
  Using job-store 'net.creeperhost.ftbbackups.repack.org.quartz.simpl.RAMJobStore' - which does not support persistence. and is not clustered.

[12:05:17] [modloading-worker-0/INFO]: Quartz scheduler 'ftbbackups2' initialized from an externally provided properties instance.
[12:05:17] [modloading-worker-0/INFO]: Quartz scheduler version: 2.0.2
[12:05:17] [modloading-worker-0/INFO]: Scheduler ftbbackups2_$_NON_CLUSTERED started.
[12:05:17] [modloading-worker-0/INFO]: KONNICHIWA ZA WARUDO!
[12:05:17] [modloading-worker-0/INFO]: Default JVM text encoding is: windows-1252
[12:05:17] [modloading-worker-0/INFO]: Reading config file NoChatReports/NCR-Common.json...
[12:05:17] [modloading-worker-0/INFO]: Reading config file NoChatReports/NCR-Client.json...
[12:05:17] [modloading-worker-0/INFO]: Reading config file NoChatReports/NCR-ServerPreferences.json...
[12:05:17] [modloading-worker-0/INFO]: Reading config file NoChatReports/NCR-Encryption.json...
[12:05:17] [modloading-worker-0/INFO]: GregTechCEu is initializing...
[12:05:17] [modloading-worker-0/INFO]: Loaded common.properties
[12:05:17] [modloading-worker-0/INFO]: Loaded dev.properties
[12:05:17] [modloading-worker-0/INFO]: Looking for KubeJS plugins...
[12:05:17] [modloading-worker-0/INFO]: Found plugin source kubejs
[12:05:17] [modloading-worker-0/WARN]: Plugin dev.latvian.mods.kubejs.integration.forge.gamestages.GameStagesIntegration does not have required mod gamestages loaded, skipping
[12:05:17] [modloading-worker-0/INFO]: Found plugin source ldlib
[12:05:17] [modloading-worker-0/INFO]: Found plugin source ftbxmodcompat
[12:05:17] [modloading-worker-0/INFO]: Writing config file NoChatReports/NCR-Common.json...
[12:05:17] [modloading-worker-0/INFO]: Writing config file NoChatReports/NCR-Client.json...
[12:05:17] [modloading-worker-0/WARN]: Plugin dev.ftb.mods.ftbxmodcompat.ftbfiltersystem.kubejs.FFSKubeJSPlugin does not have required mod ftbfiltersystem loaded, skipping
[12:05:17] [modloading-worker-0/INFO]: Found plugin source probejs
[12:05:17] [modloading-worker-0/INFO]: Writing config file NoChatReports/NCR-ServerPreferences.json...
[12:05:17] [modloading-worker-0/INFO]: Found plugin source gtceu
[12:05:17] [modloading-worker-0/INFO]: Writing config file NoChatReports/NCR-Encryption.json...
[12:05:17] [modloading-worker-0/INFO]: Client initialization...
[12:05:17] [modloading-worker-0/INFO]: Mixing client.MixinClientPacketListener from mixins/common/nochatreports.mixins.json into net.minecraft.client.multiplayer.ClientPacketListener
[12:05:17] [modloading-worker-0/INFO]: Mixing client.MixinClientPacketListener from mixins/forge/nochatreports-forge.mixins.json into net.minecraft.client.multiplayer.ClientPacketListener
[12:05:18] [modloading-worker-0/INFO]: Registering S2C receiver with id ftbquests:sync_quests
[12:05:18] [modloading-worker-0/INFO]: Done in 170.4 ms
[12:05:18] [modloading-worker-0/INFO]: Registering S2C receiver with id ftbquests:sync_team_data
[12:05:18] [modloading-worker-0/INFO]: Registering S2C receiver with id ftbquests:update_task_progress
[12:05:18] [modloading-worker-0/INFO]: Registering C2S receiver with id ftbquests:submit_task
[12:05:18] [modloading-worker-0/INFO]: Registering C2S receiver with id ftbquests:claim_reward
[12:05:18] [modloading-worker-0/INFO]: Registering S2C receiver with id ftbquests:claim_reward_response
[12:05:18] [modloading-worker-0/INFO]: Registering S2C receiver with id ftbquests:sync_editing_mode
[12:05:18] [modloading-worker-0/INFO]: Registering C2S receiver with id ftbquests:get_emergency_items
[12:05:18] [modloading-worker-0/INFO]: Registering S2C receiver with id ftbquests:create_other_team_data
[12:05:18] [modloading-worker-0/INFO]: Registering C2S receiver with id ftbquests:claim_all_rewards
[12:05:18] [modloading-worker-0/INFO]: Registering C2S receiver with id ftbquests:claim_choice_reward
[12:05:18] [modloading-worker-0/INFO]: Registering S2C receiver with id ftbquests:display_completion_toast
[12:05:18] [modloading-worker-0/INFO]: Registering S2C receiver with id ftbquests:display_reward_toast
[12:05:18] [modloading-worker-0/INFO]: Registering S2C receiver with id ftbquests:display_item_reward_toast
[12:05:18] [modloading-worker-0/INFO]: Registering C2S receiver with id ftbquests:toggle_pinned
[12:05:18] [modloading-worker-0/INFO]: Registering S2C receiver with id ftbquests:toggle_pinned_response
[12:05:18] [modloading-worker-0/INFO]: Registering C2S receiver with id ftbquests:toggle_chapter_pinned
[12:05:18] [modloading-worker-0/INFO]: Registering S2C receiver with id ftbquests:toggle_chapter_pinned_response
[12:05:18] [modloading-worker-0/INFO]: Registering C2S receiver with id ftbquests:toggle_editing_mode
[12:05:18] [modloading-worker-0/INFO]: Registering C2S receiver with id ftbquests:force_save
[12:05:18] [modloading-worker-0/INFO]: Registering S2C receiver with id ftbquests:update_team_data
[12:05:18] [modloading-worker-0/INFO]: Registering C2S receiver with id ftbquests:set_custom_image
[12:05:18] [modloading-worker-0/INFO]: Registering S2C receiver with id ftbquests:object_started
[12:05:18] [modloading-worker-0/INFO]: Registered gtceu config for auto-sync function
[12:05:18] [modloading-worker-0/INFO]: High-Tier is Enabled.
[12:05:18] [modloading-worker-0/INFO]: Registering S2C receiver with id ftbquests:object_completed
[12:05:18] [modloading-worker-0/INFO]: Registering S2C receiver with id ftbquests:object_started_reset
[12:05:18] [modloading-worker-0/INFO]: Registering S2C receiver with id ftbquests:object_completed_reset
[12:05:18] [modloading-worker-0/INFO]: Registering S2C receiver with id ftbquests:sync_lock
[12:05:18] [modloading-worker-0/INFO]: Registering S2C receiver with id ftbquests:reset_reward
[12:05:18] [modloading-worker-0/INFO]: Registering S2C receiver with id ftbquests:team_data_changed
[12:05:18] [modloading-worker-0/INFO]: Registering S2C receiver with id ftbquests:task_screen_config_req
[12:05:18] [modloading-worker-0/INFO]: Registering C2S receiver with id ftbquests:task_screen_config_resp
[12:05:18] [modloading-worker-0/INFO]: Registering C2S receiver with id ftbquests:change_progress
[12:05:18] [modloading-worker-0/INFO]: Registering C2S receiver with id ftbquests:create_object
[12:05:18] [modloading-worker-0/INFO]: Registering S2C receiver with id ftbquests:create_object_response
[12:05:18] [modloading-worker-0/INFO]: Registering C2S receiver with id ftbquests:create_task_at
[12:05:18] [modloading-worker-0/INFO]: Registering C2S receiver with id ftbquests:delete_object
[12:05:18] [modloading-worker-0/INFO]: Registering S2C receiver with id ftbquests:delete_object_response
[12:05:18] [modloading-worker-0/INFO]: No shaders mod detected.
[12:05:18] [modloading-worker-0/INFO]: Registering C2S receiver with id ftbquests:edit_object
[12:05:18] [modloading-worker-0/INFO]: Registering S2C receiver with id ftbquests:edit_object_response
[12:05:18] [modloading-worker-0/INFO]: Registering C2S receiver with id ftbquests:move_chapter
[12:05:18] [modloading-worker-0/INFO]: Registering S2C receiver with id ftbquests:move_chapter_response
[12:05:18] [modloading-worker-0/INFO]: Registering C2S receiver with id ftbquests:move_quest
[12:05:18] [modloading-worker-0/INFO]: Registering S2C receiver with id ftbquests:move_quest_response
[12:05:18] [modloading-worker-0/INFO]: Registering C2S receiver with id ftbquests:change_chapter_group
[12:05:18] [modloading-worker-0/INFO]: Registering S2C receiver with id ftbquests:change_chapter_group_response
[12:05:18] [modloading-worker-0/INFO]: Registering C2S receiver with id ftbquests:move_chapter_group
[12:05:18] [modloading-worker-0/INFO]: Registering S2C receiver with id ftbquests:move_chapter_group_response
[12:05:18] [modloading-worker-0/INFO]: Registering S2C receiver with id ftbquests:sync_reward_blocking
[12:05:18] [modloading-worker-0/INFO]: Registering C2S receiver with id ftbquests:copy_quest
[12:05:18] [modloading-worker-0/INFO]: Registering C2S receiver with id ftbquests:copy_chapter_image
[12:05:18] [modloading-worker-0/INFO]: Registering C2S receiver with id ftbquests:sync_structures_request
[12:05:18] [modloading-worker-0/INFO]: Registering S2C receiver with id ftbquests:sync_structures_response
[12:05:18] [modloading-worker-0/INFO]: Registering C2S receiver with id ftbquests:request_team_data
[12:05:18] [modloading-worker-0/INFO]: Registering S2C receiver with id ftbquests:sync_editor_permission
[12:05:18] [modloading-worker-0/INFO]: Registering S2C receiver with id ftbquests:open_quest_book
[12:05:18] [modloading-worker-0/INFO]: Registering S2C receiver with id ftbquests:clear_display_cache
[12:05:18] [modloading-worker-0/INFO]: [FTB Quests] Enabled KubeJS integration
[12:05:18] [modloading-worker-0/INFO]: [FTB Chunks] Enabled KubeJS integration
[12:05:18] [modloading-worker-0/INFO]: Registering C2S receiver with id mtr:packet_generate_path
[12:05:18] [modloading-worker-0/INFO]: Registering C2S receiver with id mtr:packet_clear_trains
[12:05:18] [modloading-worker-0/INFO]: Registering C2S receiver with id mtr:packet_sign_types
[12:05:18] [modloading-worker-0/INFO]: Registering C2S receiver with id mtr:packet_add_balance
[12:05:18] [modloading-worker-0/INFO]: Registering C2S receiver with id mtr:packet_pids_update
[12:05:18] [modloading-worker-0/INFO]: Registering C2S receiver with id mtr:packet_arrival_projector_update
[12:05:18] [modloading-worker-0/INFO]: Registering C2S receiver with id mtr:packet_use_time_and_wind_sync
[12:05:18] [modloading-worker-0/INFO]: Registering C2S receiver with id mtr:packet_update_station
[12:05:18] [modloading-worker-0/INFO]: Registering C2S receiver with id mtr:packet_update_platform
[12:05:18] [modloading-worker-0/INFO]: SETUP Xtones Reworked
[12:05:18] [modloading-worker-0/INFO]: Registering C2S receiver with id mtr:packet_update_siding
[12:05:18] [modloading-worker-0/INFO]: Registering C2S receiver with id mtr:packet_update_route
[12:05:18] [modloading-worker-0/INFO]: Registering C2S receiver with id mtr:packet_update_depot
[12:05:18] [modloading-worker-0/INFO]: Registering C2S receiver with id mtr:packet_update_lift
[12:05:18] [modloading-worker-0/INFO]: Registering C2S receiver with id mtr:packet_update_lift_track_floor
[12:05:18] [modloading-worker-0/INFO]: Registering C2S receiver with id mtr:packet_delete_station
[12:05:18] [modloading-worker-0/INFO]: Registering C2S receiver with id mtr:packet_delete_platform
[12:05:18] [modloading-worker-0/INFO]: Registering C2S receiver with id mtr:packet_delete_siding
[12:05:18] [modloading-worker-0/INFO]: Registering C2S receiver with id mtr:packet_delete_route
[12:05:18] [modloading-worker-0/INFO]: Registering C2S receiver with id mtr:packet_delete_depot
[12:05:18] [modloading-worker-0/INFO]: Registering C2S receiver with id mtr:packet_update_train_announcer
[12:05:18] [modloading-worker-0/INFO]: Registering C2S receiver with id mtr:packet_remove_rail_action
[12:05:18] [modloading-worker-0/INFO]: Registering C2S receiver with id mtr:update_train_passenger_position
[12:05:18] [modloading-worker-0/INFO]: Registering C2S receiver with id mtr:update_lift_passenger_position
[12:05:18] [modloading-worker-0/INFO]: Registering C2S receiver with id mtr:update_entity_seat_position
[12:05:18] [modloading-worker-0/INFO]: Registering C2S receiver with id mtr:packet_drive_train
[12:05:18] [modloading-worker-0/INFO]: Registering C2S receiver with id mtr:packet_press_lift_button
[12:05:19] [modloading-worker-0/INFO]: Constructing common components for puzzleslib:main
[12:05:19] [modloading-worker-0/INFO]: Constructing client components for puzzleslib:main
[12:05:19] [modloading-worker-0/INFO]: [REI] Config loaded
[12:05:19] [modloading-worker-0/INFO]: Loading Rhino Minecraft remapper...
[12:05:19] [modloading-worker-0/INFO]: Logging initialized @34642ms to mtr.libraries.org.eclipse.jetty.util.log.Slf4jLog
[12:05:19] [modloading-worker-0/INFO]: Rhino properties loaded.
[12:05:19] [modloading-worker-0/INFO]: Kotlin For Forge Enabled!
[12:05:19] [modloading-worker-0/INFO]: Loading mappings for 1.20.1
[12:05:19] [modloading-worker-0/INFO]: Done in 0.155 s
[12:05:19] [modloading-worker-0/INFO]: [REI] Registered plugin provider AE2 [ae2] for REIPlugin
[12:05:19] [modloading-worker-0/INFO]: [Inventory Profiles Next] Inventory Profiles Next - init in Kotlin
[12:05:19] [modloading-worker-0/INFO]: [libIPN] libIPN - init in Kotlin
[12:05:19] [modloading-worker-0/INFO]: [REI] Registered plugin provider REIForgePluginStub [ftblibrary] for REIPlugin
[12:05:19] [modloading-worker-0/INFO]: [REI] Registered plugin provider ReiPlugin [craftingstation] for REIPlugin
[12:05:19] [modloading-worker-0/INFO]: [REI] Registered plugin provider ReiClientPlugin [craftingstation] for REIPlugin
[12:05:19] [modloading-worker-0/INFO]: [REI] Registered plugin provider ReiIntegratedTerminalsConfig [integratedterminals, integratedterminalscompat] for REIPlugin
[12:05:19] [modloading-worker-0/INFO]: [REI] Registered plugin provider REI Plugin Compatibilities Client Handler [rei_plugin_compatibilities, jei] for REIPlugin
[12:05:19] [modloading-worker-0/INFO]: [REI] Registered plugin provider REIPluginImpl [ldlib] for REIPlugin
[12:05:19] [modloading-worker-0/INFO]: [REI] Registered plugin provider FramedReiPlugin [framedblocks] for REIPlugin
[12:05:19] [modloading-worker-0/INFO]: [REI] Registered plugin provider ExtendedAE [expatternprovider] for REIPlugin
[12:05:20] [modloading-worker-0/INFO]: [REI] Registered plugin provider REIForgePluginStub [kubejs] for REIPlugin
[12:05:20] [modloading-worker-0/INFO]: [REI] Registered plugin provider FTBQuestsREIIntegrationForge [ftbxmodcompat] for REIPlugin
[12:05:20] [modloading-worker-0/INFO]: [REI] Registered plugin provider GTREIPlugin [gtceu] for REIPlugin
[12:05:20] [modloading-worker-0/INFO]: [REI] Registered plugin provider ReiIntegratedDynamicsConfig [integrateddynamics, integrateddynamicscompat] for REIPlugin
[12:05:20] [modloading-worker-0/INFO]: [REI] Registered plugin provider REI Plugin Compatibilities Adapter [rei_plugin_compatibilities, jei] for REIPlugin
[12:05:20] [modloading-worker-0/INFO]: Registering S2C receiver with id roughlyenoughitems:request_tags_s2c
[12:05:20] [modloading-worker-0/INFO]: Registering C2S receiver with id roughlyenoughitems:request_tags_c2s
[12:05:20] [modloading-worker-0/INFO]: [REI] Registered plugin provider DefaultPluginImpl [roughlyenoughitems] for REIServerPlugin
[12:05:20] [modloading-worker-0/INFO]: [REI] Registered plugin provider DefaultPluginImpl [roughlyenoughitems] for REIPlugin
[12:05:20] [modloading-worker-0/INFO]: [REI] Registered plugin provider DefaultRuntimePlugin [roughlyenoughitems] for REIServerPlugin
[12:05:20] [modloading-worker-0/INFO]: [REI] Registered plugin provider DefaultRuntimePlugin [roughlyenoughitems] for REIPlugin
[12:05:20] [modloading-worker-0/INFO]: [REI] Registered plugin provider ReiPlugin [craftingstation] for REIServerPlugin
[12:05:20] [modloading-worker-0/INFO]: [REI] Registered plugin provider REI Plugin Compatibilities Adapter [rei_plugin_compatibilities, jei] for REIServerPlugin
[12:05:20] [modloading-worker-0/INFO]: Registering C2S receiver with id roughlyenoughitems:delete_item
[12:05:20] [modloading-worker-0/INFO]: Registering C2S receiver with id roughlyenoughitems:create_item
[12:05:20] [modloading-worker-0/INFO]: Registering C2S receiver with id roughlyenoughitems:create_item_grab
[12:05:20] [modloading-worker-0/INFO]: Registering C2S receiver with id roughlyenoughitems:create_item_hotbar
[12:05:20] [modloading-worker-0/INFO]: Registering C2S receiver with id roughlyenoughitems:move_items
[12:05:20] [modloading-worker-0/INFO]: Registering C2S receiver with id roughlyenoughitems:move_items_new
[12:05:20] [modloading-worker-0/INFO]: [REI] Registered plugin provider DefaultClientPluginImpl [roughlyenoughitems] for REIClientPlugin
[12:05:20] [modloading-worker-0/INFO]: [REI] Registered plugin provider DefaultClientPluginImpl [roughlyenoughitems] for REIPlugin
[12:05:20] [modloading-worker-0/INFO]: [REI] Registered plugin provider DefaultClientRuntimePlugin [roughlyenoughitems] for REIClientPlugin
[12:05:20] [modloading-worker-0/INFO]: [REI] Registered plugin provider DefaultClientRuntimePlugin [roughlyenoughitems] for REIPlugin
[12:05:20] [modloading-worker-0/INFO]: [REI] Registered plugin provider HideIngredientsFromTagsPlugin [roughlyenoughitems] for REIClientPlugin
[12:05:20] [modloading-worker-0/INFO]: [REI] Registered plugin provider HideIngredientsFromTagsPlugin [roughlyenoughitems] for REIPlugin
[12:05:20] [modloading-worker-0/INFO]: [REI] Registered plugin provider AE2 [ae2] for REIClientPlugin
[12:05:20] [modloading-worker-0/INFO]: [REI] Registered plugin provider REIForgePluginStub [ftblibrary] for REIClientPlugin
[12:05:20] [modloading-worker-0/INFO]: [REI] Registered plugin provider ReiClientPlugin [craftingstation] for REIClientPlugin
[12:05:20] [modloading-worker-0/INFO]: [REI] Registered plugin provider ReiIntegratedTerminalsConfig [integratedterminals, integratedterminalscompat] for REIClientPlugin
[12:05:20] [modloading-worker-0/INFO]: [REI] Registered plugin provider REI Plugin Compatibilities Client Handler [rei_plugin_compatibilities, jei] for REIClientPlugin
[12:05:20] [modloading-worker-0/INFO]: [REI] Registered plugin provider REIPluginImpl [ldlib] for REIClientPlugin
[12:05:20] [modloading-worker-0/INFO]: [REI] Registered plugin provider FramedReiPlugin [framedblocks] for REIClientPlugin
[12:05:20] [modloading-worker-0/INFO]: [REI] Registered plugin provider ExtendedAE [expatternprovider] for REIClientPlugin
[12:05:20] [modloading-worker-0/INFO]: [REI] Registered plugin provider REIForgePluginStub [kubejs] for REIClientPlugin
[12:05:20] [modloading-worker-0/INFO]: [REI] Registered plugin provider FTBQuestsREIIntegrationForge [ftbxmodcompat] for REIClientPlugin
[12:05:20] [modloading-worker-0/INFO]: [REI] Registered plugin provider GTREIPlugin [gtceu] for REIClientPlugin
[12:05:20] [modloading-worker-0/INFO]: [REI] Registered plugin provider ReiIntegratedDynamicsConfig [integrateddynamics, integrateddynamicscompat] for REIClientPlugin
[12:05:20] [modloading-worker-0/INFO]: [REI] Registered plugin provider REI Plugin Compatibilities Adapter [rei_plugin_compatibilities, jei] for REIClientPlugin
[12:05:20] [modloading-worker-0/INFO]: Registering S2C receiver with id roughlyenoughitems:ci_msg
[12:05:20] [modloading-worker-0/INFO]: Registering S2C receiver with id roughlyenoughitems:og_not_enough
[12:05:20] [modloading-worker-0/INFO]: Mixing client.MixinChatListener from mixins/common/nochatreports.mixins.json into net.minecraft.client.multiplayer.chat.ChatListener
[12:05:20] [modloading-worker-0/INFO]: Mixing client.MixinServerData from mixins/common/nochatreports.mixins.json into net.minecraft.client.multiplayer.ServerData
[12:05:22] [modloading-worker-0/INFO]: example.js#5: Hello, World! (Loaded startup scripts)
[12:05:22] [modloading-worker-0/INFO]: Loaded script startup_scripts:example.js in 0.109 s
[12:05:22] [modloading-worker-0/INFO]: Loaded script startup_scripts:gtceu.js in 0.007 s
[12:05:22] [modloading-worker-0/INFO]: Loaded 2/2 KubeJS startup scripts in 2.442 s with 0 errors and 0 warnings
[12:05:22] [modloading-worker-0/INFO]: example.js#5: Hello, World! (Loaded client scripts)
[12:05:22] [modloading-worker-0/INFO]: Loaded script client_scripts:example.js in 0.002 s
[12:05:22] [modloading-worker-0/INFO]: Loaded 1/1 KubeJS client scripts in 0.024 s with 0 errors and 0 warnings
[12:05:22] [modloading-worker-0/INFO]: Registering C2S receiver with id kubejs:send_data_from_client
[12:05:22] [modloading-worker-0/INFO]: Registering S2C receiver with id kubejs:send_data_from_server
[12:05:22] [modloading-worker-0/INFO]: Registering S2C receiver with id kubejs:paint
[12:05:22] [modloading-worker-0/INFO]: Registering S2C receiver with id kubejs:add_stage
[12:05:22] [modloading-worker-0/INFO]: Registering S2C receiver with id kubejs:remove_stage
[12:05:22] [modloading-worker-0/INFO]: Registering S2C receiver with id kubejs:sync_stages
[12:05:22] [modloading-worker-0/INFO]: Registering C2S receiver with id kubejs:first_click
[12:05:22] [modloading-worker-0/INFO]: Registering S2C receiver with id kubejs:toast
[12:05:22] [modloading-worker-0/INFO]: Registering S2C receiver with id kubejs:reload_startup_scripts
[12:05:22] [modloading-worker-0/INFO]: Registering S2C receiver with id kubejs:display_server_errors
[12:05:22] [modloading-worker-0/INFO]: Registering S2C receiver with id kubejs:display_client_errors
[12:05:22] [modloading-worker-0/INFO]: Mixing common.MixinServerStatus from mixins/common/nochatreports.mixins.json into net.minecraft.network.protocol.status.ServerStatus
[12:05:22] [Render thread/INFO]: GTCEu common proxy init!
[12:05:22] [Render thread/INFO]: Registering material registries
[12:05:22] [Render thread/INFO]: register GTNN Materials
[12:05:22] [Render thread/INFO]: Registering GTCEu Materials
[12:05:23] [Render thread/INFO]: Registering addon Materials
[12:05:23] [Render thread/INFO]: Registered gtnn config for auto-sync function
[12:05:23] [Render thread/WARN]: FluidStorageKey{gtceu:liquid} already has an associated fluid for material gtceu:water
[12:05:23] [Render thread/WARN]: FluidStorageKey{gtceu:liquid} already has an associated fluid for material gtceu:lava
[12:05:23] [Render thread/WARN]: FluidStorageKey{gtceu:liquid} already has an associated fluid for material gtceu:milk
[12:05:24] [Render thread/INFO]: register GTNN Machines
[12:05:24] [Render thread/INFO]: GTNN Loaded!
[12:05:24] [Render thread/INFO]: Registering KeyBinds
[12:05:24] [Render thread/WARN]: Mod 'gtceu' took 1.682 s to run a deferred task.
[12:05:26] [FTB Backups Config Watcher 0/INFO]: Config at C:\Users\arifv\curseforge\minecraft\Instances\1.20.1-net0-done\config\ftbbackups2.json has changed, reloaded!
[12:05:29] [Render thread/INFO]: Replacing search trees with 'REI' provider
[12:05:30] [Render thread/INFO]: Invalidating pack caches
[12:05:30] [Render thread/INFO]: Reloading ResourceManager: vanilla, mod_resources, gtceu:dynamic_assets, file/Power of Sounds 1.1, KubeJS Resource Pack [assets], file/ClassicMekTexutres.zip, file/Gregtech-CEu-Modern-Programmer-art.zip, file/Mek icon Compatibility1.20.1?1.19.2.zip, ldlib
[12:05:30] [Render thread/INFO]: Mixing client.MixinJoinMultiplayerScreen from mixins/common/nochatreports.mixins.json into net.minecraft.client.gui.screens.multiplayer.JoinMultiplayerScreen
[12:05:30] [Render thread/INFO]: Renaming synthetic method lambda$onInit$2()Lnet/minecraft/network/chat/Component; to md4b81d9$lambda$onInit$2$0 in mixins/common/nochatreports.mixins.json:client.MixinJoinMultiplayerScreen
[12:05:30] [Render thread/INFO]: Renaming synthetic method lambda$onInit$1(Lnet/minecraft/client/gui/components/Button;)V to md4b81d9$lambda$onInit$1$1 in mixins/common/nochatreports.mixins.json:client.MixinJoinMultiplayerScreen
[12:05:30] [Render thread/INFO]: Renaming synthetic method lambda$onInit$0(Lnet/minecraft/client/gui/components/Button;)V to md4b81d9$lambda$onInit$0$2 in mixins/common/nochatreports.mixins.json:client.MixinJoinMultiplayerScreen
[12:05:30] [modloading-worker-0/INFO]: Loading client config for hangglider
[12:05:30] [Finalizer/WARN]: One or more BufferBuilders have been leaked, ModernFix will attempt to correct this.
[12:05:31] [Worker-ResourceReload-5/INFO]: Setting game stages provider implementation to: KubeJS Stages
[12:05:31] [Worker-ResourceReload-5/INFO]: Chose [KubeJS Stages] as the active game stages implementation
[12:05:31] [Worker-ResourceReload-5/INFO]: Chose [FALLBACK] as the active permissions implementation
[12:05:31] [Worker-ResourceReload-1/INFO]: Version 10.4.13 initializing...
[12:05:31] [Worker-ResourceReload-5/INFO]: [FTB Quests] recipe helper provider is [JEI]
[12:05:31] [Worker-ResourceReload-8/INFO]: Loaded 'Mekanism: Tools' module.
[12:05:31] [Worker-ResourceReload-5/INFO]: [FTB Quests] Enabled Item Filters integration
[12:05:31] [Worker-ResourceReload-2/INFO]: Loaded 'Mekanism: Generators' module.
[12:05:31] [Worker-ResourceReload-12/INFO]: Loading TravelAnchors
[12:05:31] [Worker-ResourceReload-12/INFO]: XNet Detected RFTools Control: enabling support
[12:05:31] [Worker-ResourceReload-5/INFO]: RFTools Storage Detected XNet: enabling support
[12:05:31] [Worker-ResourceReload-6/INFO]: Registered packet handler.
[12:05:31] [Forge Version Check/INFO]: [cyclopscore] Starting version check at https://raw.githubusercontent.com/CyclopsMC/Versions/master/forge_update/cyclops-core.json
[12:05:31] [Worker-ResourceReload-9/INFO]: Registered packet handler.
[12:05:31] [Worker-ResourceReload-9/INFO]: New compacting rule 4 clay_ball = 1 clay
[12:05:31] [Worker-ResourceReload-9/INFO]: New compacting rule 4 snowball = 1 snow_block
[12:05:31] [Worker-ResourceReload-9/INFO]: New compacting rule 4 glowstone_dust = 1 glowstone
[12:05:31] [Worker-ResourceReload-9/INFO]: New compacting rule 4 brick = 1 bricks
[12:05:31] [Worker-ResourceReload-9/INFO]: New compacting rule 4 nether_brick = 1 nether_bricks
[12:05:31] [Worker-ResourceReload-9/INFO]: New compacting rule 9 nether_wart = 1 nether_wart_block
[12:05:31] [Worker-ResourceReload-9/INFO]: New compacting rule 4 quartz = 1 quartz_block
[12:05:31] [Worker-ResourceReload-9/INFO]: New compacting rule 9 melon_slice = 1 melon
[12:05:31] [Worker-ResourceReload-9/INFO]: New compacting rule 4 sand = 1 sandstone
[12:05:31] [Worker-ResourceReload-9/INFO]: New compacting rule 4 red_sand = 1 red_sandstone
[12:05:31] [Worker-ResourceReload-9/INFO]: New compacting rule 4 clay_ball = 1 clay
[12:05:31] [Worker-ResourceReload-8/INFO]: Found unifont_all_no_pua-15.0.06.hex, loading
[12:05:31] [Worker-ResourceReload-0/WARN]: Unable to load font 'mtr:mtr' in fonts.json in resourcepack: 'mod_resources'
com.google.gson.JsonParseException: Unknown element name:legacy_unicode
	at net.minecraft.Util.m_260975_(Util.java:816) ~[client-1.20.1-20230612.114412-srg.jar%23400!/:?]
	at net.minecraft.client.gui.font.FontManager.m_284270_(FontManager.java:269) ~[client-1.20.1-20230612.114412-srg.jar%23400!/:?]
	at net.minecraft.client.gui.font.FontManager.m_283963_(FontManager.java:158) ~[client-1.20.1-20230612.114412-srg.jar%23400!/:?]
	at java.util.concurrent.CompletableFuture$AsyncSupply.run(CompletableFuture.java:1768) ~[?:?]
	at java.util.concurrent.CompletableFuture$AsyncSupply.exec(CompletableFuture.java:1760) ~[?:?]
	at java.util.concurrent.ForkJoinTask.doExec(ForkJoinTask.java:373) ~[?:?]
	at java.util.concurrent.ForkJoinPool$WorkQueue.topLevelExec(ForkJoinPool.java:1182) ~[?:?]
	at java.util.concurrent.ForkJoinPool.scan(ForkJoinPool.java:1655) ~[?:?]
	at java.util.concurrent.ForkJoinPool.runWorker(ForkJoinPool.java:1622) ~[?:?]
	at java.util.concurrent.ForkJoinWorkerThread.run(ForkJoinWorkerThread.java:165) ~[?:?]
[12:05:32] [Worker-ResourceReload-1/INFO]: Fake player readout: UUID = 46e82cd0-d480-3d48-800a-77431ede078e, name = [Mekanism]
[12:05:32] [Worker-ResourceReload-1/INFO]: Mod loaded.
[12:05:32] [Worker-ResourceReload-3/INFO]: Registered packet handler.
[12:05:32] [Render thread/INFO]: GregTech Model loading took 990ms
[12:05:32] [Forge Version Check/INFO]: [cyclopscore] Found status: OUTDATED Current: 1.19.5 Target: 1.20.1
[12:05:32] [Forge Version Check/INFO]: [integratedterminals] Starting version check at https://raw.githubusercontent.com/CyclopsMC/Versions/master/forge_update/integrated-terminals.json
[12:05:32] [Forge Version Check/INFO]: [integratedterminals] Found status: OUTDATED Current: 1.6.3 Target: 1.6.8
[12:05:32] [Forge Version Check/INFO]: [mcwwindows] Starting version check at https://raw.githubusercontent.com/sketchmacaw/macawsmods/master/window.json
[12:05:32] [Forge Version Check/INFO]: [mcwwindows] Found status: UP_TO_DATE Current: 2.3.0 Target: null
[12:05:32] [Forge Version Check/INFO]: [controlling] Starting version check at https://updates.blamejared.com/get?n=controlling&gv=1.20.1
[12:05:32] [Render thread/INFO]: Client resource reload complete!
[12:05:32] [Render thread/INFO]: Loaded default options for keymappings
[12:05:33] [Worker-ResourceReload-0/WARN]: Invalid path in datapack: gtceu:textures/block/cover/OVERLAY_SCREEN.png, ignoring
[12:05:33] [Worker-ResourceReload-0/WARN]: Invalid path in datapack: gtceu:textures/block/multiblock/large_turbine/rotor_idle (1).png, ignoring
[12:05:33] [Worker-ResourceReload-0/WARN]: Invalid path in datapack: gtceu:textures/block/overlay/machine/overlay_buffer — ?????.png_delete, ignoring
[12:05:33] [Forge Version Check/INFO]: [controlling] Found status: BETA Current: 12.0.2 Target: 12.0.2
[12:05:33] [Forge Version Check/INFO]: [integratedrest] Starting version check at https://raw.githubusercontent.com/CyclopsMC/Versions/master/forge_update/integrated-rest.json
[12:05:33] [Forge Version Check/INFO]: [integratedrest] Found status: UP_TO_DATE Current: 1.1.11 Target: null
[12:05:33] [Forge Version Check/INFO]: [mcwstairs] Starting version check at https://raw.githubusercontent.com/sketchmacaw/macawsmods/master/stairs.json
[12:05:33] [Forge Version Check/INFO]: [mcwstairs] Found status: UP_TO_DATE Current: 1.0.1 Target: null
[12:05:33] [Forge Version Check/INFO]: [bookshelf] Starting version check at https://updates.blamejared.com/get?n=bookshelf&gv=1.20.1
[12:05:33] [Placebo Patreon Trail Loader/INFO]: Loading patreon trails data...
[12:05:33] [Placebo Patreon Wing Loader/INFO]: Loading patreon wing data...
[12:05:34] [Placebo Patreon Trail Loader/INFO]: Loaded 48 patreon trails.
[12:05:34] [Placebo Patreon Wing Loader/INFO]: Loaded 21 patreon wings.
[12:05:34] [Worker-ResourceReload-10/INFO]: Initialized HolidayManager.
[12:05:34] [Forge Version Check/INFO]: [bookshelf] Found status: BETA Current: 20.2.13 Target: 20.2.13
[12:05:34] [Forge Version Check/INFO]: [mcwdoors] Starting version check at https://raw.githubusercontent.com/sketchmacaw/macawsmods/master/doors.json
[12:05:34] [Forge Version Check/INFO]: [mcwdoors] Found status: UP_TO_DATE Current: 1.1.2 Target: null
[12:05:34] [Forge Version Check/INFO]: [mcwbridges] Starting version check at https://raw.githubusercontent.com/sketchmacaw/macawsmods/master/bridges.json
[12:05:34] [Forge Version Check/INFO]: [mcwbridges] Found status: UP_TO_DATE Current: 3.1.0 Target: null
[12:05:34] [Forge Version Check/INFO]: [commoncapabilities] Starting version check at https://raw.githubusercontent.com/CyclopsMC/Versions/master/forge_update/common-capabilities.json
[12:05:34] [Forge Version Check/INFO]: [commoncapabilities] Found status: OUTDATED Current: 2.9.3 Target: 2.9.7
[12:05:34] [Forge Version Check/INFO]: [mcwtrpdoors] Starting version check at https://raw.githubusercontent.com/sketchmacaw/macawsmods/master/trapdoors.json
[12:05:34] [Worker-ResourceReload-4/INFO]: Registering S2C receiver with id mtr:packet_version_check
[12:05:34] [Worker-ResourceReload-4/INFO]: Registering S2C receiver with id mtr:packet_chunk_s2c
[12:05:34] [Worker-ResourceReload-4/INFO]: Registering S2C receiver with id mtr:packet_open_dashboard_screen
[12:05:34] [Worker-ResourceReload-4/INFO]: Registering S2C receiver with id mtr:packet_open_pids_config_screen
[12:05:34] [Worker-ResourceReload-4/INFO]: Registering S2C receiver with id mtr:packet_open_arrival_projector_config_screen
[12:05:34] [Worker-ResourceReload-4/INFO]: Registering S2C receiver with id mtr:packet_open_railway_sign_screen
[12:05:34] [Worker-ResourceReload-4/INFO]: Registering S2C receiver with id mtr:packet_open_ticket_machine_screen
[12:05:34] [Forge Version Check/INFO]: [mcwtrpdoors] Found status: UP_TO_DATE Current: 1.1.4 Target: null
[12:05:34] [Forge Version Check/INFO]: [mcwfences] Starting version check at https://raw.githubusercontent.com/sketchmacaw/macawsmods/master/fences.json
[12:05:34] [Worker-ResourceReload-4/INFO]: Registering S2C receiver with id mtr:packet_open_train_sensor_screen
[12:05:34] [Worker-ResourceReload-4/INFO]: Registering S2C receiver with id mtr:packet_open_resource_pack_creator_screen
[12:05:34] [Worker-ResourceReload-4/INFO]: Registering S2C receiver with id mtr:packet_announce
[12:05:34] [Worker-ResourceReload-4/INFO]: Registering S2C receiver with id mtr:packet_generate_path
[12:05:34] [Worker-ResourceReload-4/INFO]: Registering S2C receiver with id mtr:packet_create_rail
[12:05:34] [Worker-ResourceReload-4/INFO]: Registering S2C receiver with id mtr:packet_create_signal
[12:05:34] [Worker-ResourceReload-4/INFO]: Registering S2C receiver with id mtr:packet_remove_node
[12:05:34] [Worker-ResourceReload-4/INFO]: Registering S2C receiver with id mtr:packet_remove_rail
[12:05:34] [Worker-ResourceReload-4/INFO]: Registering S2C receiver with id mtr:packet_remove_signals
[12:05:34] [Forge Version Check/INFO]: [mcwfences] Found status: UP_TO_DATE Current: 1.2.0 Target: null
[12:05:34] [Forge Version Check/INFO]: [hangglider] Starting version check at https://raw.githubusercontent.com/Fuzss/modresources/main/update/hangglider.json
[12:05:34] [Worker-ResourceReload-4/INFO]: Registering S2C receiver with id mtr:packet_remove_lift_floor_track
[12:05:34] [Worker-ResourceReload-4/INFO]: Registering S2C receiver with id mtr:packet_update_station
[12:05:34] [Worker-ResourceReload-4/INFO]: Registering S2C receiver with id mtr:packet_update_platform
[12:05:34] [Worker-ResourceReload-4/INFO]: Registering S2C receiver with id mtr:packet_update_siding
[12:05:34] [Worker-ResourceReload-4/INFO]: Registering S2C receiver with id mtr:packet_update_route
[12:05:34] [Worker-ResourceReload-4/INFO]: Registering S2C receiver with id mtr:packet_update_depot
[12:05:34] [Worker-ResourceReload-4/INFO]: Registering S2C receiver with id mtr:packet_delete_station
[12:05:34] [Worker-ResourceReload-4/INFO]: Registering S2C receiver with id mtr:packet_delete_platform
[12:05:34] [Worker-ResourceReload-4/INFO]: Registering S2C receiver with id mtr:packet_delete_siding
[12:05:34] [Worker-ResourceReload-4/INFO]: Registering S2C receiver with id mtr:packet_delete_route
[12:05:34] [Forge Version Check/INFO]: [hangglider] Found status: UP_TO_DATE Current: 8.0.1 Target: null
[12:05:34] [Forge Version Check/INFO]: [integratedscripting] Starting version check at https://raw.githubusercontent.com/CyclopsMC/Versions/master/forge_update/integrated-scripting.json
[12:05:34] [Worker-ResourceReload-4/INFO]: Registering S2C receiver with id mtr:packet_delete_depot
[12:05:34] [Worker-ResourceReload-4/INFO]: Registering S2C receiver with id mtr:packet_update_lift
[12:05:34] [Worker-ResourceReload-4/INFO]: Registering S2C receiver with id mtr:write_rails
[12:05:34] [Worker-ResourceReload-4/INFO]: Registering S2C receiver with id mtr:update_trains
[12:05:34] [Worker-ResourceReload-4/INFO]: Registering S2C receiver with id mtr:update_lifts
[12:05:34] [Worker-ResourceReload-4/INFO]: Registering S2C receiver with id mtr:delete_trains
[12:05:34] [Worker-ResourceReload-4/INFO]: Registering S2C receiver with id mtr:delete_lifts
[12:05:34] [Worker-ResourceReload-4/INFO]: Registering S2C receiver with id mtr:update_train_passengers
[12:05:34] [Worker-ResourceReload-4/INFO]: Registering S2C receiver with id mtr:update_lift_passengers
[12:05:34] [Worker-ResourceReload-4/INFO]: Registering S2C receiver with id mtr:update_train_passenger_position
[12:05:34] [Worker-ResourceReload-4/INFO]: Registering S2C receiver with id mtr:update_lift_passenger_position
[12:05:34] [Worker-ResourceReload-4/INFO]: Registering S2C receiver with id mtr:update_rail_actions
[12:05:34] [Worker-ResourceReload-4/INFO]: Registering S2C receiver with id mtr:update_schedule
[12:05:34] [Worker-ResourceReload-4/INFO]: Registering S2C receiver with id mtr:packet_open_lift_track_floor_screen
[12:05:34] [Worker-ResourceReload-4/INFO]: Registering S2C receiver with id mtr:packet_open_lift_customization_screen
[12:05:34] [Worker-ResourceReload-4/WARN]: Key mapping key.mtr.lift_menu registered after event
java.lang.RuntimeException: null
	at dev.architectury.registry.client.keymappings.forge.KeyMappingRegistryImpl.register(KeyMappingRegistryImpl.java:47) ~[architectury-9.2.14-forge.jar%23283!/:?]
	at dev.architectury.registry.client.keymappings.KeyMappingRegistry.register(KeyMappingRegistry.java) ~[architectury-9.2.14-forge.jar%23283!/:?]
	at mtr.forge.mappings.ForgeUtilities.registerKeyBinding(ForgeUtilities.java:54) ~[MTR-forge-1.20.1-3.2.2-hotfix-2.jar%23366!/:?]
	at mtr.forge.RegistryClientImpl.registerKeyBinding(RegistryClientImpl.java:45) ~[MTR-forge-1.20.1-3.2.2-hotfix-2.jar%23366!/:?]
	at mtr.RegistryClient.registerKeyBinding(RegistryClient.java) ~[MTR-forge-1.20.1-3.2.2-hotfix-2.jar%23366!/:?]
	at mtr.MTRClient.init(MTRClient.java:286) ~[MTR-forge-1.20.1-3.2.2-hotfix-2.jar%23366!/:?]
	at mtr.forge.MTRForge$MTRModEventBus.onClientSetupEvent(MTRForge.java:133) ~[MTR-forge-1.20.1-3.2.2-hotfix-2.jar%23366!/:?]
	at mtr.forge.__MTRModEventBus_onClientSetupEvent_FMLClientSetupEvent.invoke(.dynamic) ~[MTR-forge-1.20.1-3.2.2-hotfix-2.jar%23366!/:?]
	at net.minecraftforge.eventbus.ASMEventHandler.invoke(ASMEventHandler.java:73) ~[eventbus-6.0.5.jar%2387!/:?]
	at net.minecraftforge.eventbus.EventBus.post(EventBus.java:315) ~[eventbus-6.0.5.jar%2387!/:?]
	at net.minecraftforge.eventbus.EventBus.post(EventBus.java:296) ~[eventbus-6.0.5.jar%2387!/:?]
	at net.minecraftforge.fml.javafmlmod.FMLModContainer.acceptEvent(FMLModContainer.java:121) ~[javafmllanguage-1.20.1-47.3.10.jar%23402!/:?]
	at net.minecraftforge.fml.ModContainer.lambda$buildTransitionHandler$4(ModContainer.java:125) ~[fmlcore-1.20.1-47.3.10.jar%23401!/:?]
	at java.util.concurrent.CompletableFuture$AsyncRun.run(CompletableFuture.java:1804) ~[?:?]
	at java.util.concurrent.CompletableFuture$AsyncRun.exec(CompletableFuture.java:1796) ~[?:?]
	at java.util.concurrent.ForkJoinTask.doExec(ForkJoinTask.java:373) ~[?:?]
	at java.util.concurrent.ForkJoinPool$WorkQueue.topLevelExec(ForkJoinPool.java:1182) ~[?:?]
	at java.util.concurrent.ForkJoinPool.scan(ForkJoinPool.java:1655) ~[?:?]
	at java.util.concurrent.ForkJoinPool.runWorker(ForkJoinPool.java:1622) ~[?:?]
	at java.util.concurrent.ForkJoinWorkerThread.run(ForkJoinWorkerThread.java:165) ~[?:?]
[12:05:34] [Worker-ResourceReload-4/WARN]: Key mapping key.mtr.train_accelerate registered after event
java.lang.RuntimeException: null
	at dev.architectury.registry.client.keymappings.forge.KeyMappingRegistryImpl.register(KeyMappingRegistryImpl.java:47) ~[architectury-9.2.14-forge.jar%23283!/:?]
	at dev.architectury.registry.client.keymappings.KeyMappingRegistry.register(KeyMappingRegistry.java) ~[architectury-9.2.14-forge.jar%23283!/:?]
	at mtr.forge.mappings.ForgeUtilities.registerKeyBinding(ForgeUtilities.java:54) ~[MTR-forge-1.20.1-3.2.2-hotfix-2.jar%23366!/:?]
	at mtr.forge.RegistryClientImpl.registerKeyBinding(RegistryClientImpl.java:45) ~[MTR-forge-1.20.1-3.2.2-hotfix-2.jar%23366!/:?]
	at mtr.RegistryClient.registerKeyBinding(RegistryClient.java) ~[MTR-forge-1.20.1-3.2.2-hotfix-2.jar%23366!/:?]
	at mtr.MTRClient.init(MTRClient.java:289) ~[MTR-forge-1.20.1-3.2.2-hotfix-2.jar%23366!/:?]
	at mtr.forge.MTRForge$MTRModEventBus.onClientSetupEvent(MTRForge.java:133) ~[MTR-forge-1.20.1-3.2.2-hotfix-2.jar%23366!/:?]
	at mtr.forge.__MTRModEventBus_onClientSetupEvent_FMLClientSetupEvent.invoke(.dynamic) ~[MTR-forge-1.20.1-3.2.2-hotfix-2.jar%23366!/:?]
	at net.minecraftforge.eventbus.ASMEventHandler.invoke(ASMEventHandler.java:73) ~[eventbus-6.0.5.jar%2387!/:?]
	at net.minecraftforge.eventbus.EventBus.post(EventBus.java:315) ~[eventbus-6.0.5.jar%2387!/:?]
	at net.minecraftforge.eventbus.EventBus.post(EventBus.java:296) ~[eventbus-6.0.5.jar%2387!/:?]
	at net.minecraftforge.fml.javafmlmod.FMLModContainer.acceptEvent(FMLModContainer.java:121) ~[javafmllanguage-1.20.1-47.3.10.jar%23402!/:?]
	at net.minecraftforge.fml.ModContainer.lambda$buildTransitionHandler$4(ModContainer.java:125) ~[fmlcore-1.20.1-47.3.10.jar%23401!/:?]
	at java.util.concurrent.CompletableFuture$AsyncRun.run(CompletableFuture.java:1804) ~[?:?]
	at java.util.concurrent.CompletableFuture$AsyncRun.exec(CompletableFuture.java:1796) ~[?:?]
	at java.util.concurrent.ForkJoinTask.doExec(ForkJoinTask.java:373) ~[?:?]
	at java.util.concurrent.ForkJoinPool$WorkQueue.topLevelExec(ForkJoinPool.java:1182) ~[?:?]
	at java.util.concurrent.ForkJoinPool.scan(ForkJoinPool.java:1655) ~[?:?]
	at java.util.concurrent.ForkJoinPool.runWorker(ForkJoinPool.java:1622) ~[?:?]
	at java.util.concurrent.ForkJoinWorkerThread.run(ForkJoinWorkerThread.java:165) ~[?:?]
[12:05:34] [Worker-ResourceReload-4/WARN]: Key mapping key.mtr.train_brake registered after event
java.lang.RuntimeException: null
	at dev.architectury.registry.client.keymappings.forge.KeyMappingRegistryImpl.register(KeyMappingRegistryImpl.java:47) ~[architectury-9.2.14-forge.jar%23283!/:?]
	at dev.architectury.registry.client.keymappings.KeyMappingRegistry.register(KeyMappingRegistry.java) ~[architectury-9.2.14-forge.jar%23283!/:?]
	at mtr.forge.mappings.ForgeUtilities.registerKeyBinding(ForgeUtilities.java:54) ~[MTR-forge-1.20.1-3.2.2-hotfix-2.jar%23366!/:?]
	at mtr.forge.RegistryClientImpl.registerKeyBinding(RegistryClientImpl.java:45) ~[MTR-forge-1.20.1-3.2.2-hotfix-2.jar%23366!/:?]
	at mtr.RegistryClient.registerKeyBinding(RegistryClient.java) ~[MTR-forge-1.20.1-3.2.2-hotfix-2.jar%23366!/:?]
	at mtr.MTRClient.init(MTRClient.java:290) ~[MTR-forge-1.20.1-3.2.2-hotfix-2.jar%23366!/:?]
	at mtr.forge.MTRForge$MTRModEventBus.onClientSetupEvent(MTRForge.java:133) ~[MTR-forge-1.20.1-3.2.2-hotfix-2.jar%23366!/:?]
	at mtr.forge.__MTRModEventBus_onClientSetupEvent_FMLClientSetupEvent.invoke(.dynamic) ~[MTR-forge-1.20.1-3.2.2-hotfix-2.jar%23366!/:?]
	at net.minecraftforge.eventbus.ASMEventHandler.invoke(ASMEventHandler.java:73) ~[eventbus-6.0.5.jar%2387!/:?]
	at net.minecraftforge.eventbus.EventBus.post(EventBus.java:315) ~[eventbus-6.0.5.jar%2387!/:?]
	at net.minecraftforge.eventbus.EventBus.post(EventBus.java:296) ~[eventbus-6.0.5.jar%2387!/:?]
	at net.minecraftforge.fml.javafmlmod.FMLModContainer.acceptEvent(FMLModContainer.java:121) ~[javafmllanguage-1.20.1-47.3.10.jar%23402!/:?]
	at net.minecraftforge.fml.ModContainer.lambda$buildTransitionHandler$4(ModContainer.java:125) ~[fmlcore-1.20.1-47.3.10.jar%23401!/:?]
	at java.util.concurrent.CompletableFuture$AsyncRun.run(CompletableFuture.java:1804) ~[?:?]
	at java.util.concurrent.CompletableFuture$AsyncRun.exec(CompletableFuture.java:1796) ~[?:?]
	at java.util.concurrent.ForkJoinTask.doExec(ForkJoinTask.java:373) ~[?:?]
	at java.util.concurrent.ForkJoinPool$WorkQueue.topLevelExec(ForkJoinPool.java:1182) ~[?:?]
	at java.util.concurrent.ForkJoinPool.scan(ForkJoinPool.java:1655) ~[?:?]
	at java.util.concurrent.ForkJoinPool.runWorker(ForkJoinPool.java:1622) ~[?:?]
	at java.util.concurrent.ForkJoinWorkerThread.run(ForkJoinWorkerThread.java:165) ~[?:?]
[12:05:34] [Worker-ResourceReload-4/WARN]: Key mapping key.mtr.train_toggle_doors registered after event
java.lang.RuntimeException: null
	at dev.architectury.registry.client.keymappings.forge.KeyMappingRegistryImpl.register(KeyMappingRegistryImpl.java:47) ~[architectury-9.2.14-forge.jar%23283!/:?]
	at dev.architectury.registry.client.keymappings.KeyMappingRegistry.register(KeyMappingRegistry.java) ~[architectury-9.2.14-forge.jar%23283!/:?]
	at mtr.forge.mappings.ForgeUtilities.registerKeyBinding(ForgeUtilities.java:54) ~[MTR-forge-1.20.1-3.2.2-hotfix-2.jar%23366!/:?]
	at mtr.forge.RegistryClientImpl.registerKeyBinding(RegistryClientImpl.java:45) ~[MTR-forge-1.20.1-3.2.2-hotfix-2.jar%23366!/:?]
	at mtr.RegistryClient.registerKeyBinding(RegistryClient.java) ~[MTR-forge-1.20.1-3.2.2-hotfix-2.jar%23366!/:?]
	at mtr.MTRClient.init(MTRClient.java:291) ~[MTR-forge-1.20.1-3.2.2-hotfix-2.jar%23366!/:?]
	at mtr.forge.MTRForge$MTRModEventBus.onClientSetupEvent(MTRForge.java:133) ~[MTR-forge-1.20.1-3.2.2-hotfix-2.jar%23366!/:?]
	at mtr.forge.__MTRModEventBus_onClientSetupEvent_FMLClientSetupEvent.invoke(.dynamic) ~[MTR-forge-1.20.1-3.2.2-hotfix-2.jar%23366!/:?]
	at net.minecraftforge.eventbus.ASMEventHandler.invoke(ASMEventHandler.java:73) ~[eventbus-6.0.5.jar%2387!/:?]
	at net.minecraftforge.eventbus.EventBus.post(EventBus.java:315) ~[eventbus-6.0.5.jar%2387!/:?]
	at net.minecraftforge.eventbus.EventBus.post(EventBus.java:296) ~[eventbus-6.0.5.jar%2387!/:?]
	at net.minecraftforge.fml.javafmlmod.FMLModContainer.acceptEvent(FMLModContainer.java:121) ~[javafmllanguage-1.20.1-47.3.10.jar%23402!/:?]
	at net.minecraftforge.fml.ModContainer.lambda$buildTransitionHandler$4(ModContainer.java:125) ~[fmlcore-1.20.1-47.3.10.jar%23401!/:?]
	at java.util.concurrent.CompletableFuture$AsyncRun.run(CompletableFuture.java:1804) ~[?:?]
	at java.util.concurrent.CompletableFuture$AsyncRun.exec(CompletableFuture.java:1796) ~[?:?]
	at java.util.concurrent.ForkJoinTask.doExec(ForkJoinTask.java:373) ~[?:?]
	at java.util.concurrent.ForkJoinPool$WorkQueue.topLevelExec(ForkJoinPool.java:1182) ~[?:?]
	at java.util.concurrent.ForkJoinPool.scan(ForkJoinPool.java:1655) ~[?:?]
	at java.util.concurrent.ForkJoinPool.runWorker(ForkJoinPool.java:1622) ~[?:?]
	at java.util.concurrent.ForkJoinWorkerThread.run(ForkJoinWorkerThread.java:165) ~[?:?]
[12:05:34] [Worker-ResourceReload-4/WARN]: Key mapping key.mtr.debug_1_negative registered after event
java.lang.RuntimeException: null
	at dev.architectury.registry.client.keymappings.forge.KeyMappingRegistryImpl.register(KeyMappingRegistryImpl.java:47) ~[architectury-9.2.14-forge.jar%23283!/:?]
	at dev.architectury.registry.client.keymappings.KeyMappingRegistry.register(KeyMappingRegistry.java) ~[architectury-9.2.14-forge.jar%23283!/:?]
	at mtr.forge.mappings.ForgeUtilities.registerKeyBinding(ForgeUtilities.java:54) ~[MTR-forge-1.20.1-3.2.2-hotfix-2.jar%23366!/:?]
	at mtr.forge.RegistryClientImpl.registerKeyBinding(RegistryClientImpl.java:45) ~[MTR-forge-1.20.1-3.2.2-hotfix-2.jar%23366!/:?]
	at mtr.RegistryClient.registerKeyBinding(RegistryClient.java) ~[MTR-forge-1.20.1-3.2.2-hotfix-2.jar%23366!/:?]
	at mtr.MTRClient.init(MTRClient.java:292) ~[MTR-forge-1.20.1-3.2.2-hotfix-2.jar%23366!/:?]
	at mtr.forge.MTRForge$MTRModEventBus.onClientSetupEvent(MTRForge.java:133) ~[MTR-forge-1.20.1-3.2.2-hotfix-2.jar%23366!/:?]
	at mtr.forge.__MTRModEventBus_onClientSetupEvent_FMLClientSetupEvent.invoke(.dynamic) ~[MTR-forge-1.20.1-3.2.2-hotfix-2.jar%23366!/:?]
	at net.minecraftforge.eventbus.ASMEventHandler.invoke(ASMEventHandler.java:73) ~[eventbus-6.0.5.jar%2387!/:?]
	at net.minecraftforge.eventbus.EventBus.post(EventBus.java:315) ~[eventbus-6.0.5.jar%2387!/:?]
	at net.minecraftforge.eventbus.EventBus.post(EventBus.java:296) ~[eventbus-6.0.5.jar%2387!/:?]
	at net.minecraftforge.fml.javafmlmod.FMLModContainer.acceptEvent(FMLModContainer.java:121) ~[javafmllanguage-1.20.1-47.3.10.jar%23402!/:?]
	at net.minecraftforge.fml.ModContainer.lambda$buildTransitionHandler$4(ModContainer.java:125) ~[fmlcore-1.20.1-47.3.10.jar%23401!/:?]
	at java.util.concurrent.CompletableFuture$AsyncRun.run(CompletableFuture.java:1804) ~[?:?]
	at java.util.concurrent.CompletableFuture$AsyncRun.exec(CompletableFuture.java:1796) ~[?:?]
	at java.util.concurrent.ForkJoinTask.doExec(ForkJoinTask.java:373) ~[?:?]
	at java.util.concurrent.ForkJoinPool$WorkQueue.topLevelExec(ForkJoinPool.java:1182) ~[?:?]
	at java.util.concurrent.ForkJoinPool.scan(ForkJoinPool.java:1655) ~[?:?]
	at java.util.concurrent.ForkJoinPool.runWorker(ForkJoinPool.java:1622) ~[?:?]
	at java.util.concurrent.ForkJoinWorkerThread.run(ForkJoinWorkerThread.java:165) ~[?:?]
[12:05:34] [Worker-ResourceReload-4/WARN]: Key mapping key.mtr.debug_2_negative registered after event
java.lang.RuntimeException: null
	at dev.architectury.registry.client.keymappings.forge.KeyMappingRegistryImpl.register(KeyMappingRegistryImpl.java:47) ~[architectury-9.2.14-forge.jar%23283!/:?]
	at dev.architectury.registry.client.keymappings.KeyMappingRegistry.register(KeyMappingRegistry.java) ~[architectury-9.2.14-forge.jar%23283!/:?]
	at mtr.forge.mappings.ForgeUtilities.registerKeyBinding(ForgeUtilities.java:54) ~[MTR-forge-1.20.1-3.2.2-hotfix-2.jar%23366!/:?]
	at mtr.forge.RegistryClientImpl.registerKeyBinding(RegistryClientImpl.java:45) ~[MTR-forge-1.20.1-3.2.2-hotfix-2.jar%23366!/:?]
	at mtr.RegistryClient.registerKeyBinding(RegistryClient.java) ~[MTR-forge-1.20.1-3.2.2-hotfix-2.jar%23366!/:?]
	at mtr.MTRClient.init(MTRClient.java:293) ~[MTR-forge-1.20.1-3.2.2-hotfix-2.jar%23366!/:?]
	at mtr.forge.MTRForge$MTRModEventBus.onClientSetupEvent(MTRForge.java:133) ~[MTR-forge-1.20.1-3.2.2-hotfix-2.jar%23366!/:?]
	at mtr.forge.__MTRModEventBus_onClientSetupEvent_FMLClientSetupEvent.invoke(.dynamic) ~[MTR-forge-1.20.1-3.2.2-hotfix-2.jar%23366!/:?]
	at net.minecraftforge.eventbus.ASMEventHandler.invoke(ASMEventHandler.java:73) ~[eventbus-6.0.5.jar%2387!/:?]
	at net.minecraftforge.eventbus.EventBus.post(EventBus.java:315) ~[eventbus-6.0.5.jar%2387!/:?]
	at net.minecraftforge.eventbus.EventBus.post(EventBus.java:296) ~[eventbus-6.0.5.jar%2387!/:?]
	at net.minecraftforge.fml.javafmlmod.FMLModContainer.acceptEvent(FMLModContainer.java:121) ~[javafmllanguage-1.20.1-47.3.10.jar%23402!/:?]
	at net.minecraftforge.fml.ModContainer.lambda$buildTransitionHandler$4(ModContainer.java:125) ~[fmlcore-1.20.1-47.3.10.jar%23401!/:?]
	at java.util.concurrent.CompletableFuture$AsyncRun.run(CompletableFuture.java:1804) ~[?:?]
	at java.util.concurrent.CompletableFuture$AsyncRun.exec(CompletableFuture.java:1796) ~[?:?]
	at java.util.concurrent.ForkJoinTask.doExec(ForkJoinTask.java:373) ~[?:?]
	at java.util.concurrent.ForkJoinPool$WorkQueue.topLevelExec(ForkJoinPool.java:1182) ~[?:?]
	at java.util.concurrent.ForkJoinPool.scan(ForkJoinPool.java:1655) ~[?:?]
	at java.util.concurrent.ForkJoinPool.runWorker(ForkJoinPool.java:1622) ~[?:?]
	at java.util.concurrent.ForkJoinWorkerThread.run(ForkJoinWorkerThread.java:165) ~[?:?]
[12:05:34] [Worker-ResourceReload-4/WARN]: Key mapping key.mtr.debug_3_negative registered after event
java.lang.RuntimeException: null
	at dev.architectury.registry.client.keymappings.forge.KeyMappingRegistryImpl.register(KeyMappingRegistryImpl.java:47) ~[architectury-9.2.14-forge.jar%23283!/:?]
	at dev.architectury.registry.client.keymappings.KeyMappingRegistry.register(KeyMappingRegistry.java) ~[architectury-9.2.14-forge.jar%23283!/:?]
	at mtr.forge.mappings.ForgeUtilities.registerKeyBinding(ForgeUtilities.java:54) ~[MTR-forge-1.20.1-3.2.2-hotfix-2.jar%23366!/:?]
	at mtr.forge.RegistryClientImpl.registerKeyBinding(RegistryClientImpl.java:45) ~[MTR-forge-1.20.1-3.2.2-hotfix-2.jar%23366!/:?]
	at mtr.RegistryClient.registerKeyBinding(RegistryClient.java) ~[MTR-forge-1.20.1-3.2.2-hotfix-2.jar%23366!/:?]
	at mtr.MTRClient.init(MTRClient.java:294) ~[MTR-forge-1.20.1-3.2.2-hotfix-2.jar%23366!/:?]
	at mtr.forge.MTRForge$MTRModEventBus.onClientSetupEvent(MTRForge.java:133) ~[MTR-forge-1.20.1-3.2.2-hotfix-2.jar%23366!/:?]
	at mtr.forge.__MTRModEventBus_onClientSetupEvent_FMLClientSetupEvent.invoke(.dynamic) ~[MTR-forge-1.20.1-3.2.2-hotfix-2.jar%23366!/:?]
	at net.minecraftforge.eventbus.ASMEventHandler.invoke(ASMEventHandler.java:73) ~[eventbus-6.0.5.jar%2387!/:?]
	at net.minecraftforge.eventbus.EventBus.post(EventBus.java:315) ~[eventbus-6.0.5.jar%2387!/:?]
	at net.minecraftforge.eventbus.EventBus.post(EventBus.java:296) ~[eventbus-6.0.5.jar%2387!/:?]
	at net.minecraftforge.fml.javafmlmod.FMLModContainer.acceptEvent(FMLModContainer.java:121) ~[javafmllanguage-1.20.1-47.3.10.jar%23402!/:?]
	at net.minecraftforge.fml.ModContainer.lambda$buildTransitionHandler$4(ModContainer.java:125) ~[fmlcore-1.20.1-47.3.10.jar%23401!/:?]
	at java.util.concurrent.CompletableFuture$AsyncRun.run(CompletableFuture.java:1804) ~[?:?]
	at java.util.concurrent.CompletableFuture$AsyncRun.exec(CompletableFuture.java:1796) ~[?:?]
	at java.util.concurrent.ForkJoinTask.doExec(ForkJoinTask.java:373) ~[?:?]
	at java.util.concurrent.ForkJoinPool$WorkQueue.topLevelExec(ForkJoinPool.java:1182) ~[?:?]
	at java.util.concurrent.ForkJoinPool.scan(ForkJoinPool.java:1655) ~[?:?]
	at java.util.concurrent.ForkJoinPool.runWorker(ForkJoinPool.java:1622) ~[?:?]
	at java.util.concurrent.ForkJoinWorkerThread.run(ForkJoinWorkerThread.java:165) ~[?:?]
[12:05:34] [Worker-ResourceReload-4/WARN]: Key mapping key.mtr.debug_1_positive registered after event
java.lang.RuntimeException: null
	at dev.architectury.registry.client.keymappings.forge.KeyMappingRegistryImpl.register(KeyMappingRegistryImpl.java:47) ~[architectury-9.2.14-forge.jar%23283!/:?]
	at dev.architectury.registry.client.keymappings.KeyMappingRegistry.register(KeyMappingRegistry.java) ~[architectury-9.2.14-forge.jar%23283!/:?]
	at mtr.forge.mappings.ForgeUtilities.registerKeyBinding(ForgeUtilities.java:54) ~[MTR-forge-1.20.1-3.2.2-hotfix-2.jar%23366!/:?]
	at mtr.forge.RegistryClientImpl.registerKeyBinding(RegistryClientImpl.java:45) ~[MTR-forge-1.20.1-3.2.2-hotfix-2.jar%23366!/:?]
	at mtr.RegistryClient.registerKeyBinding(RegistryClient.java) ~[MTR-forge-1.20.1-3.2.2-hotfix-2.jar%23366!/:?]
	at mtr.MTRClient.init(MTRClient.java:295) ~[MTR-forge-1.20.1-3.2.2-hotfix-2.jar%23366!/:?]
	at mtr.forge.MTRForge$MTRModEventBus.onClientSetupEvent(MTRForge.java:133) ~[MTR-forge-1.20.1-3.2.2-hotfix-2.jar%23366!/:?]
	at mtr.forge.__MTRModEventBus_onClientSetupEvent_FMLClientSetupEvent.invoke(.dynamic) ~[MTR-forge-1.20.1-3.2.2-hotfix-2.jar%23366!/:?]
	at net.minecraftforge.eventbus.ASMEventHandler.invoke(ASMEventHandler.java:73) ~[eventbus-6.0.5.jar%2387!/:?]
	at net.minecraftforge.eventbus.EventBus.post(EventBus.java:315) ~[eventbus-6.0.5.jar%2387!/:?]
	at net.minecraftforge.eventbus.EventBus.post(EventBus.java:296) ~[eventbus-6.0.5.jar%2387!/:?]
	at net.minecraftforge.fml.javafmlmod.FMLModContainer.acceptEvent(FMLModContainer.java:121) ~[javafmllanguage-1.20.1-47.3.10.jar%23402!/:?]
	at net.minecraftforge.fml.ModContainer.lambda$buildTransitionHandler$4(ModContainer.java:125) ~[fmlcore-1.20.1-47.3.10.jar%23401!/:?]
	at java.util.concurrent.CompletableFuture$AsyncRun.run(CompletableFuture.java:1804) ~[?:?]
	at java.util.concurrent.CompletableFuture$AsyncRun.exec(CompletableFuture.java:1796) ~[?:?]
	at java.util.concurrent.ForkJoinTask.doExec(ForkJoinTask.java:373) ~[?:?]
	at java.util.concurrent.ForkJoinPool$WorkQueue.topLevelExec(ForkJoinPool.java:1182) ~[?:?]
	at java.util.concurrent.ForkJoinPool.scan(ForkJoinPool.java:1655) ~[?:?]
	at java.util.concurrent.ForkJoinPool.runWorker(ForkJoinPool.java:1622) ~[?:?]
	at java.util.concurrent.ForkJoinWorkerThread.run(ForkJoinWorkerThread.java:165) ~[?:?]
[12:05:34] [Worker-ResourceReload-4/WARN]: Key mapping key.mtr.debug_2_positive registered after event
java.lang.RuntimeException: null
	at dev.architectury.registry.client.keymappings.forge.KeyMappingRegistryImpl.register(KeyMappingRegistryImpl.java:47) ~[architectury-9.2.14-forge.jar%23283!/:?]
	at dev.architectury.registry.client.keymappings.KeyMappingRegistry.register(KeyMappingRegistry.java) ~[architectury-9.2.14-forge.jar%23283!/:?]
	at mtr.forge.mappings.ForgeUtilities.registerKeyBinding(ForgeUtilities.java:54) ~[MTR-forge-1.20.1-3.2.2-hotfix-2.jar%23366!/:?]
	at mtr.forge.RegistryClientImpl.registerKeyBinding(RegistryClientImpl.java:45) ~[MTR-forge-1.20.1-3.2.2-hotfix-2.jar%23366!/:?]
	at mtr.RegistryClient.registerKeyBinding(RegistryClient.java) ~[MTR-forge-1.20.1-3.2.2-hotfix-2.jar%23366!/:?]
	at mtr.MTRClient.init(MTRClient.java:296) ~[MTR-forge-1.20.1-3.2.2-hotfix-2.jar%23366!/:?]
	at mtr.forge.MTRForge$MTRModEventBus.onClientSetupEvent(MTRForge.java:133) ~[MTR-forge-1.20.1-3.2.2-hotfix-2.jar%23366!/:?]
	at mtr.forge.__MTRModEventBus_onClientSetupEvent_FMLClientSetupEvent.invoke(.dynamic) ~[MTR-forge-1.20.1-3.2.2-hotfix-2.jar%23366!/:?]
	at net.minecraftforge.eventbus.ASMEventHandler.invoke(ASMEventHandler.java:73) ~[eventbus-6.0.5.jar%2387!/:?]
	at net.minecraftforge.eventbus.EventBus.post(EventBus.java:315) ~[eventbus-6.0.5.jar%2387!/:?]
	at net.minecraftforge.eventbus.EventBus.post(EventBus.java:296) ~[eventbus-6.0.5.jar%2387!/:?]
	at net.minecraftforge.fml.javafmlmod.FMLModContainer.acceptEvent(FMLModContainer.java:121) ~[javafmllanguage-1.20.1-47.3.10.jar%23402!/:?]
	at net.minecraftforge.fml.ModContainer.lambda$buildTransitionHandler$4(ModContainer.java:125) ~[fmlcore-1.20.1-47.3.10.jar%23401!/:?]
	at java.util.concurrent.CompletableFuture$AsyncRun.run(CompletableFuture.java:1804) ~[?:?]
	at java.util.concurrent.CompletableFuture$AsyncRun.exec(CompletableFuture.java:1796) ~[?:?]
	at java.util.concurrent.ForkJoinTask.doExec(ForkJoinTask.java:373) ~[?:?]
	at java.util.concurrent.ForkJoinPool$WorkQueue.topLevelExec(ForkJoinPool.java:1182) ~[?:?]
	at java.util.concurrent.ForkJoinPool.scan(ForkJoinPool.java:1655) ~[?:?]
	at java.util.concurrent.ForkJoinPool.runWorker(ForkJoinPool.java:1622) ~[?:?]
	at java.util.concurrent.ForkJoinWorkerThread.run(ForkJoinWorkerThread.java:165) ~[?:?]
[12:05:34] [Worker-ResourceReload-4/WARN]: Key mapping key.mtr.debug_3_positive registered after event
java.lang.RuntimeException: null
	at dev.architectury.registry.client.keymappings.forge.KeyMappingRegistryImpl.register(KeyMappingRegistryImpl.java:47) ~[architectury-9.2.14-forge.jar%23283!/:?]
	at dev.architectury.registry.client.keymappings.KeyMappingRegistry.register(KeyMappingRegistry.java) ~[architectury-9.2.14-forge.jar%23283!/:?]
	at mtr.forge.mappings.ForgeUtilities.registerKeyBinding(ForgeUtilities.java:54) ~[MTR-forge-1.20.1-3.2.2-hotfix-2.jar%23366!/:?]
	at mtr.forge.RegistryClientImpl.registerKeyBinding(RegistryClientImpl.java:45) ~[MTR-forge-1.20.1-3.2.2-hotfix-2.jar%23366!/:?]
	at mtr.RegistryClient.registerKeyBinding(RegistryClient.java) ~[MTR-forge-1.20.1-3.2.2-hotfix-2.jar%23366!/:?]
	at mtr.MTRClient.init(MTRClient.java:297) ~[MTR-forge-1.20.1-3.2.2-hotfix-2.jar%23366!/:?]
	at mtr.forge.MTRForge$MTRModEventBus.onClientSetupEvent(MTRForge.java:133) ~[MTR-forge-1.20.1-3.2.2-hotfix-2.jar%23366!/:?]
	at mtr.forge.__MTRModEventBus_onClientSetupEvent_FMLClientSetupEvent.invoke(.dynamic) ~[MTR-forge-1.20.1-3.2.2-hotfix-2.jar%23366!/:?]
	at net.minecraftforge.eventbus.ASMEventHandler.invoke(ASMEventHandler.java:73) ~[eventbus-6.0.5.jar%2387!/:?]
	at net.minecraftforge.eventbus.EventBus.post(EventBus.java:315) ~[eventbus-6.0.5.jar%2387!/:?]
	at net.minecraftforge.eventbus.EventBus.post(EventBus.java:296) ~[eventbus-6.0.5.jar%2387!/:?]
	at net.minecraftforge.fml.javafmlmod.FMLModContainer.acceptEvent(FMLModContainer.java:121) ~[javafmllanguage-1.20.1-47.3.10.jar%23402!/:?]
	at net.minecraftforge.fml.ModContainer.lambda$buildTransitionHandler$4(ModContainer.java:125) ~[fmlcore-1.20.1-47.3.10.jar%23401!/:?]
	at java.util.concurrent.CompletableFuture$AsyncRun.run(CompletableFuture.java:1804) ~[?:?]
	at java.util.concurrent.CompletableFuture$AsyncRun.exec(CompletableFuture.java:1796) ~[?:?]
	at java.util.concurrent.ForkJoinTask.doExec(ForkJoinTask.java:373) ~[?:?]
	at java.util.concurrent.ForkJoinPool$WorkQueue.topLevelExec(ForkJoinPool.java:1182) ~[?:?]
	at java.util.concurrent.ForkJoinPool.scan(ForkJoinPool.java:1655) ~[?:?]
	at java.util.concurrent.ForkJoinPool.runWorker(ForkJoinPool.java:1622) ~[?:?]
	at java.util.concurrent.ForkJoinWorkerThread.run(ForkJoinWorkerThread.java:165) ~[?:?]
[12:05:34] [Worker-ResourceReload-4/WARN]: Key mapping key.mtr.debug_cycle_negative registered after event
java.lang.RuntimeException: null
	at dev.architectury.registry.client.keymappings.forge.KeyMappingRegistryImpl.register(KeyMappingRegistryImpl.java:47) ~[architectury-9.2.14-forge.jar%23283!/:?]
	at dev.architectury.registry.client.keymappings.KeyMappingRegistry.register(KeyMappingRegistry.java) ~[architectury-9.2.14-forge.jar%23283!/:?]
	at mtr.forge.mappings.ForgeUtilities.registerKeyBinding(ForgeUtilities.java:54) ~[MTR-forge-1.20.1-3.2.2-hotfix-2.jar%23366!/:?]
	at mtr.forge.RegistryClientImpl.registerKeyBinding(RegistryClientImpl.java:45) ~[MTR-forge-1.20.1-3.2.2-hotfix-2.jar%23366!/:?]
	at mtr.RegistryClient.registerKeyBinding(RegistryClient.java) ~[MTR-forge-1.20.1-3.2.2-hotfix-2.jar%23366!/:?]
	at mtr.MTRClient.init(MTRClient.java:298) ~[MTR-forge-1.20.1-3.2.2-hotfix-2.jar%23366!/:?]
	at mtr.forge.MTRForge$MTRModEventBus.onClientSetupEvent(MTRForge.java:133) ~[MTR-forge-1.20.1-3.2.2-hotfix-2.jar%23366!/:?]
	at mtr.forge.__MTRModEventBus_onClientSetupEvent_FMLClientSetupEvent.invoke(.dynamic) ~[MTR-forge-1.20.1-3.2.2-hotfix-2.jar%23366!/:?]
	at net.minecraftforge.eventbus.ASMEventHandler.invoke(ASMEventHandler.java:73) ~[eventbus-6.0.5.jar%2387!/:?]
	at net.minecraftforge.eventbus.EventBus.post(EventBus.java:315) ~[eventbus-6.0.5.jar%2387!/:?]
	at net.minecraftforge.eventbus.EventBus.post(EventBus.java:296) ~[eventbus-6.0.5.jar%2387!/:?]
	at net.minecraftforge.fml.javafmlmod.FMLModContainer.acceptEvent(FMLModContainer.java:121) ~[javafmllanguage-1.20.1-47.3.10.jar%23402!/:?]
	at net.minecraftforge.fml.ModContainer.lambda$buildTransitionHandler$4(ModContainer.java:125) ~[fmlcore-1.20.1-47.3.10.jar%23401!/:?]
	at java.util.concurrent.CompletableFuture$AsyncRun.run(CompletableFuture.java:1804) ~[?:?]
	at java.util.concurrent.CompletableFuture$AsyncRun.exec(CompletableFuture.java:1796) ~[?:?]
	at java.util.concurrent.ForkJoinTask.doExec(ForkJoinTask.java:373) ~[?:?]
	at java.util.concurrent.ForkJoinPool$WorkQueue.topLevelExec(ForkJoinPool.java:1182) ~[?:?]
	at java.util.concurrent.ForkJoinPool.scan(ForkJoinPool.java:1655) ~[?:?]
	at java.util.concurrent.ForkJoinPool.runWorker(ForkJoinPool.java:1622) ~[?:?]
	at java.util.concurrent.ForkJoinWorkerThread.run(ForkJoinWorkerThread.java:165) ~[?:?]
[12:05:34] [Worker-ResourceReload-4/WARN]: Key mapping key.mtr.debug_cycle_positive registered after event
java.lang.RuntimeException: null
	at dev.architectury.registry.client.keymappings.forge.KeyMappingRegistryImpl.register(KeyMappingRegistryImpl.java:47) ~[architectury-9.2.14-forge.jar%23283!/:?]
	at dev.architectury.registry.client.keymappings.KeyMappingRegistry.register(KeyMappingRegistry.java) ~[architectury-9.2.14-forge.jar%23283!/:?]
	at mtr.forge.mappings.ForgeUtilities.registerKeyBinding(ForgeUtilities.java:54) ~[MTR-forge-1.20.1-3.2.2-hotfix-2.jar%23366!/:?]
	at mtr.forge.RegistryClientImpl.registerKeyBinding(RegistryClientImpl.java:45) ~[MTR-forge-1.20.1-3.2.2-hotfix-2.jar%23366!/:?]
	at mtr.RegistryClient.registerKeyBinding(RegistryClient.java) ~[MTR-forge-1.20.1-3.2.2-hotfix-2.jar%23366!/:?]
	at mtr.MTRClient.init(MTRClient.java:299) ~[MTR-forge-1.20.1-3.2.2-hotfix-2.jar%23366!/:?]
	at mtr.forge.MTRForge$MTRModEventBus.onClientSetupEvent(MTRForge.java:133) ~[MTR-forge-1.20.1-3.2.2-hotfix-2.jar%23366!/:?]
	at mtr.forge.__MTRModEventBus_onClientSetupEvent_FMLClientSetupEvent.invoke(.dynamic) ~[MTR-forge-1.20.1-3.2.2-hotfix-2.jar%23366!/:?]
	at net.minecraftforge.eventbus.ASMEventHandler.invoke(ASMEventHandler.java:73) ~[eventbus-6.0.5.jar%2387!/:?]
	at net.minecraftforge.eventbus.EventBus.post(EventBus.java:315) ~[eventbus-6.0.5.jar%2387!/:?]
	at net.minecraftforge.eventbus.EventBus.post(EventBus.java:296) ~[eventbus-6.0.5.jar%2387!/:?]
	at net.minecraftforge.fml.javafmlmod.FMLModContainer.acceptEvent(FMLModContainer.java:121) ~[javafmllanguage-1.20.1-47.3.10.jar%23402!/:?]
	at net.minecraftforge.fml.ModContainer.lambda$buildTransitionHandler$4(ModContainer.java:125) ~[fmlcore-1.20.1-47.3.10.jar%23401!/:?]
	at java.util.concurrent.CompletableFuture$AsyncRun.run(CompletableFuture.java:1804) ~[?:?]
	at java.util.concurrent.CompletableFuture$AsyncRun.exec(CompletableFuture.java:1796) ~[?:?]
	at java.util.concurrent.ForkJoinTask.doExec(ForkJoinTask.java:373) ~[?:?]
	at java.util.concurrent.ForkJoinPool$WorkQueue.topLevelExec(ForkJoinPool.java:1182) ~[?:?]
	at java.util.concurrent.ForkJoinPool.scan(ForkJoinPool.java:1655) ~[?:?]
	at java.util.concurrent.ForkJoinPool.runWorker(ForkJoinPool.java:1622) ~[?:?]
	at java.util.concurrent.ForkJoinWorkerThread.run(ForkJoinWorkerThread.java:165) ~[?:?]
[12:05:34] [Worker-ResourceReload-10/WARN]: Invalid frame index on sprite gtceu:item/wetware_processor frame 0: 2
[12:05:34] [Worker-ResourceReload-10/WARN]: Invalid frame index on sprite gtceu:item/wetware_processor frame 1: 1
[12:05:34] [Worker-ResourceReload-10/WARN]: Invalid frame index on sprite gtceu:item/wetware_processor frame 3: 1
[12:05:34] [Worker-ResourceReload-10/WARN]: Invalid frame index on sprite gtceu:item/wetware_processor frame 4: 2
[12:05:34] [Worker-ResourceReload-10/WARN]: Invalid frame index on sprite gtceu:item/wetware_processor frame 5: 1
[12:05:34] [Worker-ResourceReload-10/WARN]: Invalid frame index on sprite gtceu:item/wetware_processor frame 7: 1
[12:05:34] [Worker-ResourceReload-10/WARN]: Invalid frame index on sprite gtceu:item/wetware_processor frame 8: 2
[12:05:34] [Worker-ResourceReload-10/WARN]: Invalid frame index on sprite gtceu:item/wetware_processor frame 9: 1
[12:05:34] [Worker-ResourceReload-10/WARN]: Invalid frame index on sprite gtceu:item/wetware_processor frame 11: 3
[12:05:34] [Forge Version Check/WARN]: Failed to process update information
com.google.gson.JsonSyntaxException: java.lang.IllegalStateException: Expected BEGIN_OBJECT but was NUMBER at line 1 column 4 path $
	at com.google.gson.Gson.fromJson(Gson.java:1226) ~[gson-2.10.jar%23107!/:?]
	at com.google.gson.Gson.fromJson(Gson.java:1124) ~[gson-2.10.jar%23107!/:?]
	at com.google.gson.Gson.fromJson(Gson.java:1034) ~[gson-2.10.jar%23107!/:?]
	at com.google.gson.Gson.fromJson(Gson.java:969) ~[gson-2.10.jar%23107!/:?]
	at net.minecraftforge.fml.VersionChecker$1.process(VersionChecker.java:186) ~[fmlcore-1.20.1-47.3.10.jar%23401!/:?]
	at java.lang.Iterable.forEach(Iterable.java:75) ~[?:?]
	at net.minecraftforge.fml.VersionChecker$1.run(VersionChecker.java:117) ~[fmlcore-1.20.1-47.3.10.jar%23401!/:?]
Caused by: java.lang.IllegalStateException: Expected BEGIN_OBJECT but was NUMBER at line 1 column 4 path $
	at com.google.gson.stream.JsonReader.beginObject(JsonReader.java:393) ~[gson-2.10.jar%23107!/:?]
	at com.google.gson.internal.bind.MapTypeAdapterFactory$Adapter.read(MapTypeAdapterFactory.java:182) ~[gson-2.10.jar%23107!/:?]
	at com.google.gson.internal.bind.MapTypeAdapterFactory$Adapter.read(MapTypeAdapterFactory.java:144) ~[gson-2.10.jar%23107!/:?]
	at com.google.gson.Gson.fromJson(Gson.java:1214) ~[gson-2.10.jar%23107!/:?]
	... 6 more
[12:05:34] [Forge Version Check/INFO]: [searchables] Starting version check at https://updates.blamejared.com/get?n=searchables&gv=1.20.1
[12:05:34] [Worker-ResourceReload-12/ERROR]: Using missing texture, unable to load kubejs:item/used_sulfur_trioxide_token
java.io.IOException: Could not load image: Image not of any known type, or corrupt
	at com.mojang.blaze3d.platform.NativeImage.m_85051_(NativeImage.java:138) ~[client-1.20.1-20230612.114412-srg.jar%23400!/:?]
	at com.mojang.blaze3d.platform.NativeImage.m_85048_(NativeImage.java:103) ~[client-1.20.1-20230612.114412-srg.jar%23400!/:?]
	at com.mojang.blaze3d.platform.NativeImage.m_85058_(NativeImage.java:94) ~[client-1.20.1-20230612.114412-srg.jar%23400!/:?]
	at net.minecraft.client.renderer.texture.SpriteLoader.m_245083_(SpriteLoader.java:139) ~[client-1.20.1-20230612.114412-srg.jar%23400!/:?]
	at net.minecraft.client.renderer.texture.atlas.SpriteSource$Output.m_261059_(SpriteSource.java:22) ~[client-1.20.1-20230612.114412-srg.jar%23400!/:?]
	at java.util.concurrent.CompletableFuture$AsyncSupply.run(CompletableFuture.java:1768) ~[?:?]
	at java.util.concurrent.CompletableFuture$AsyncSupply.exec(CompletableFuture.java:1760) ~[?:?]
	at java.util.concurrent.ForkJoinTask.doExec(ForkJoinTask.java:373) ~[?:?]
	at java.util.concurrent.ForkJoinPool$WorkQueue.topLevelExec(ForkJoinPool.java:1182) ~[?:?]
	at java.util.concurrent.ForkJoinPool.scan(ForkJoinPool.java:1655) ~[?:?]
	at java.util.concurrent.ForkJoinPool.runWorker(ForkJoinPool.java:1622) ~[?:?]
	at java.util.concurrent.ForkJoinWorkerThread.run(ForkJoinWorkerThread.java:165) ~[?:?]
[12:05:34] [Worker-ResourceReload-10/WARN]: Unused frames in sprite gtceu:block/material_sets/powder/fluid: [20, 21, 22, 23, 24, 25, 26, 27, 28, 29, 30, 31]
[12:05:34] [Worker-ResourceReload-3/WARN]: Unused frames in sprite gtceu:block/material_sets/paper/fluid: [20, 21, 22, 23, 24, 25, 26, 27, 28, 29, 30, 31]
[12:05:34] [Worker-ResourceReload-4/WARN]: Invalid frame index on sprite gtceu:item/wetware_processor_mainframe frame 1: 1
[12:05:34] [Worker-ResourceReload-4/WARN]: Invalid frame index on sprite gtceu:item/wetware_processor_mainframe frame 2: 2
[12:05:34] [Worker-ResourceReload-4/WARN]: Invalid frame index on sprite gtceu:item/wetware_processor_mainframe frame 3: 3
[12:05:34] [Worker-ResourceReload-4/WARN]: Invalid frame index on sprite gtceu:item/wetware_processor_mainframe frame 4: 4
[12:05:34] [Worker-ResourceReload-4/WARN]: Invalid frame index on sprite gtceu:item/wetware_processor_mainframe frame 5: 3
[12:05:34] [Worker-ResourceReload-4/WARN]: Invalid frame index on sprite gtceu:item/wetware_processor_mainframe frame 6: 2
[12:05:34] [Worker-ResourceReload-4/WARN]: Invalid frame index on sprite gtceu:item/wetware_processor_mainframe frame 7: 1
[12:05:34] [Worker-ResourceReload-8/WARN]: Texture mtr:block/sign/door_overlay_a_train_tcl_right with size 380x320 limits mip level from 4 to 2
[12:05:34] [Worker-ResourceReload-8/WARN]: Texture mtr:block/sign/door_overlay_sp1900_top with size 240x30 limits mip level from 2 to 1
[12:05:34] [Worker-ResourceReload-8/WARN]: Texture gtceu:block/cover/cover_interface_machine_off_proxy with size 14x5 limits mip level from 1 to 0
[12:05:34] [Forge Version Check/INFO]: [searchables] Found status: BETA Current: 1.0.3 Target: 1.0.3
[12:05:34] [Forge Version Check/INFO]: [integratedtunnels] Starting version check at https://raw.githubusercontent.com/CyclopsMC/Versions/master/forge_update/integrated-tunnels.json
[12:05:34] [Forge Version Check/INFO]: [integratedtunnels] Found status: OUTDATED Current: 1.8.32 Target: 1.8.41
[12:05:34] [Forge Version Check/INFO]: [mcwroofs] Starting version check at https://raw.githubusercontent.com/sketchmacaw/macawsmods/master/roofs.json
[12:05:34] [Forge Version Check/INFO]: [mcwroofs] Found status: UP_TO_DATE Current: 2.3.2 Target: null
[12:05:34] [Forge Version Check/INFO]: [mcwfurnitures] Starting version check at https://raw.githubusercontent.com/sketchmacaw/macawsmods/master/furniture.json
[12:05:34] [Forge Version Check/INFO]: [mcwfurnitures] Found status: UP_TO_DATE Current: 3.3.0 Target: null
[12:05:34] [Forge Version Check/INFO]: [mcwlights] Starting version check at https://raw.githubusercontent.com/sketchmacaw/macawsmods/master/lights.json
[12:05:34] [Forge Version Check/INFO]: [mcwlights] Found status: UP_TO_DATE Current: 1.1.2 Target: null
[12:05:34] [Forge Version Check/INFO]: [fastload] Starting version check at https://github.com/BumbleSoftware/Fastload/raw/Forge-1.20.1/updates.json
[12:05:35] [Forge Version Check/INFO]: [fastload] Found status: UP_TO_DATE Current: 3.4.0 Target: null
[12:05:35] [Forge Version Check/INFO]: [attributefix] Starting version check at https://updates.blamejared.com/get?n=attributefix&gv=1.20.1
[12:05:35] [Worker-ResourceReload-6/WARN]: Exception loading blockstate definition: 'torchmaster:blockstates/invisible_light.json' missing model for variant: 'torchmaster:invisible_light#'
[12:05:35] [Worker-ResourceReload-6/WARN]: Exception loading blockstate definition: 'torchmaster:blockstates/invisible_light.json' in resourcepack: 'mod_resources': Neither 'variants' nor 'multipart' found
[12:05:35] [Forge Version Check/INFO]: [attributefix] Found status: BETA Current: 21.0.4 Target: 21.0.4
[12:05:35] [Forge Version Check/INFO]: [travelanchors] Starting version check at https://assets.melanx.de/updates/travel-anchors.json
[12:05:35] [Forge Version Check/INFO]: [travelanchors] Found status: UP_TO_DATE Current: 1.20.1-5.0.1 Target: null
[12:05:35] [Forge Version Check/INFO]: [mcwholidays] Starting version check at https://raw.githubusercontent.com/sketchmacaw/macawsmods/master/holidays.json
[12:05:36] [Forge Version Check/INFO]: [mcwholidays] Found status: UP_TO_DATE Current: 1.1.0 Target: null
[12:05:36] [Forge Version Check/INFO]: [mcwpaintings] Starting version check at https://raw.githubusercontent.com/sketchmacaw/macawsmods/master/paintings.json
[12:05:36] [Forge Version Check/INFO]: [mcwpaintings] Found status: UP_TO_DATE Current: 1.0.5 Target: null
[12:05:36] [Forge Version Check/INFO]: [clumps] Starting version check at https://updates.blamejared.com/get?n=clumps&gv=1.20.1
[12:05:36] [Forge Version Check/INFO]: [clumps] Found status: BETA Current: 12.0.0.4 Target: 12.0.0.4
[12:05:36] [Forge Version Check/INFO]: [libx] Starting version check at https://assets.melanx.de/updates/libx.json
[12:05:36] [Forge Version Check/INFO]: [libx] Found status: AHEAD Current: 1.20.1-5.0.14 Target: null
[12:05:36] [Forge Version Check/INFO]: [puzzlesaccessapi] Starting version check at https://raw.githubusercontent.com/Fuzss/modresources/main/update/puzzlesaccessapi.json
[12:05:36] [Forge Version Check/INFO]: [puzzlesaccessapi] Found status: BETA Current: 8.0.7 Target: null
[12:05:36] [Forge Version Check/INFO]: [forge] Starting version check at https://files.minecraftforge.net/net/minecraftforge/forge/promotions_slim.json
[12:05:36] [Worker-ResourceReload-6/WARN]: Exception loading blockstate definition: 'rftoolsbuilder:blockstates/invisible_mover.json' missing model for variant: 'rftoolsbuilder:invisible_mover#'
[12:05:36] [Worker-ResourceReload-6/WARN]: Exception loading blockstate definition: 'storagedrawers:blockstates/meta_indicator.json' missing model for variant: 'storagedrawers:meta_indicator#facing=west,half=true,slots=3'
[12:05:36] [Worker-ResourceReload-6/WARN]: Exception loading blockstate definition: 'storagedrawers:blockstates/meta_indicator.json' missing model for variant: 'storagedrawers:meta_indicator#facing=north,half=true,slots=3'
[12:05:36] [Worker-ResourceReload-6/WARN]: Exception loading blockstate definition: 'storagedrawers:blockstates/meta_indicator.json' missing model for variant: 'storagedrawers:meta_indicator#facing=north,half=false,slots=3'
[12:05:36] [Worker-ResourceReload-6/WARN]: Exception loading blockstate definition: 'storagedrawers:blockstates/meta_indicator.json' missing model for variant: 'storagedrawers:meta_indicator#facing=west,half=false,slots=3'
[12:05:36] [Worker-ResourceReload-6/WARN]: Exception loading blockstate definition: 'storagedrawers:blockstates/meta_indicator.json' missing model for variant: 'storagedrawers:meta_indicator#facing=south,half=true,slots=3'
[12:05:36] [Worker-ResourceReload-6/WARN]: Exception loading blockstate definition: 'storagedrawers:blockstates/meta_indicator.json' missing model for variant: 'storagedrawers:meta_indicator#facing=south,half=false,slots=3'
[12:05:36] [Worker-ResourceReload-6/WARN]: Exception loading blockstate definition: 'storagedrawers:blockstates/meta_indicator.json' missing model for variant: 'storagedrawers:meta_indicator#facing=east,half=true,slots=3'
[12:05:36] [Worker-ResourceReload-6/WARN]: Exception loading blockstate definition: 'storagedrawers:blockstates/meta_indicator.json' missing model for variant: 'storagedrawers:meta_indicator#facing=east,half=false,slots=3'
[12:05:36] [Worker-ResourceReload-6/WARN]: Exception loading blockstate definition: 'storagedrawers:blockstates/meta_comp_indicator.json' missing model for variant: 'storagedrawers:meta_comp_indicator#facing=north,half=true'
[12:05:36] [Worker-ResourceReload-6/WARN]: Exception loading blockstate definition: 'storagedrawers:blockstates/meta_comp_indicator.json' missing model for variant: 'storagedrawers:meta_comp_indicator#facing=south,half=true'
[12:05:36] [Worker-ResourceReload-6/WARN]: Exception loading blockstate definition: 'storagedrawers:blockstates/meta_comp_indicator.json' missing model for variant: 'storagedrawers:meta_comp_indicator#facing=west,half=true'
[12:05:36] [Worker-ResourceReload-6/WARN]: Exception loading blockstate definition: 'storagedrawers:blockstates/meta_comp_indicator.json' missing model for variant: 'storagedrawers:meta_comp_indicator#facing=east,half=true'
[12:05:36] [Forge Version Check/INFO]: [forge] Found status: OUTDATED Current: 47.3.10 Target: 47.4.0
[12:05:36] [Forge Version Check/INFO]: [mcwpaths] Starting version check at https://raw.githubusercontent.com/sketchmacaw/macawsmods/master/paths.json
[12:05:36] [Forge Version Check/INFO]: [mcwpaths] Found status: UP_TO_DATE Current: 1.1.0 Target: null
[12:05:36] [Forge Version Check/INFO]: [integratedcrafting] Starting version check at https://raw.githubusercontent.com/CyclopsMC/Versions/master/forge_update/integrated-crafting.json
[12:05:37] [Forge Version Check/INFO]: [integratedcrafting] Found status: OUTDATED Current: 1.1.9 Target: 1.2.2
[12:05:37] [Forge Version Check/INFO]: [configuration] Starting version check at https://raw.githubusercontent.com/Toma1O6/UpdateSchemas/master/configuration-forge.json
[12:05:37] [Forge Version Check/INFO]: [configuration] Found status: UP_TO_DATE Current: 2.2.1 Target: null
[12:05:37] [Forge Version Check/INFO]: [smoothboot] Starting version check at https://github.com/AbdElAziz333/SmoothBoot-Reloaded/raw/mc1.20.1/dev/updates.json
[12:05:37] [Forge Version Check/INFO]: [smoothboot] Found status: UP_TO_DATE Current: 0.0.4 Target: null
[12:05:37] [Forge Version Check/INFO]: [iceberg] Starting version check at https://mc-update-check.anthonyhilyard.com/520110
[12:05:38] [Forge Version Check/INFO]: [iceberg] Found status: UP_TO_DATE Current: 1.1.25 Target: null
[12:05:38] [Forge Version Check/INFO]: [flywheel] Starting version check at https://api.modrinth.com/updates/flywheel/forge_updates.json
[12:05:39] [Forge Version Check/INFO]: [flywheel] Found status: BETA Current: 0.6.10-7 Target: null
[12:05:39] [Forge Version Check/INFO]: [integrateddynamics] Starting version check at https://raw.githubusercontent.com/CyclopsMC/Versions/master/forge_update/integrated-dynamics.json
[12:05:39] [Forge Version Check/INFO]: [integrateddynamics] Found status: OUTDATED Current: 1.24.3 Target: 1.27.4
[12:05:39] [Forge Version Check/INFO]: [puzzleslib] Starting version check at https://raw.githubusercontent.com/Fuzss/modresources/main/update/puzzleslib.json
[12:05:39] [Forge Version Check/INFO]: [puzzleslib] Found status: OUTDATED Current: 8.1.21 Target: 8.1.32
[12:05:39] [Forge Version Check/INFO]: [appmek] Starting version check at https://api.modrinth.com/updates/applied-mekanistics/forge_updates.json
[12:05:39] [Forge Version Check/INFO]: [appmek] Found status: BETA Current: 1.4.2 Target: null
[12:05:43] [Worker-ResourceReload-6/WARN]: Missing textures in model createaddition:small_light_connector#facing=west,mode=push,powered=true,rotation=x_clockwise_180,variant=default:
    minecraft:textures/atlas/blocks.png:create:block/chute_block
[12:05:43] [Worker-ResourceReload-6/WARN]: Missing textures in model gtceu:invar_lighter#inventory:
    minecraft:textures/atlas/blocks.png:gtceu:items/invar_lighter
[12:05:43] [Worker-ResourceReload-6/WARN]: Missing textures in model gtceu:platinum_lighter#inventory:
    minecraft:textures/atlas/blocks.png:gtceu:items/platinum_lighter
[12:05:43] [Worker-ResourceReload-6/WARN]: Missing textures in model kubejs:used_sulfur_trioxide_token#inventory:
    minecraft:textures/atlas/blocks.png:kubejs:item/used_sulfur_trioxide_token
[12:05:45] [Render thread/INFO]: Loaded all shader sources.
[12:05:46] [Worker-ResourceReload-2/INFO]: craftingstation has registered tfar.craftingstation.CraftingStationMenu for CraftingTweaks via IMC
[12:05:46] [Worker-ResourceReload-8/INFO]: Applying mega torch entity block list overrides...
[12:05:46] [Worker-ResourceReload-8/INFO]: Applying dread lamp entity block list overrides...
[12:05:46] [Worker-ResourceReload-2/INFO]: Loaded values for 19 compatible attributes.
[12:05:46] [Worker-ResourceReload-2/INFO]: Loaded 19 values from config.
[12:05:46] [Worker-ResourceReload-2/INFO]: Saving config file. 19 entries.
[12:05:46] [Worker-ResourceReload-2/INFO]: Applying changes for 19 attributes.
[12:05:46] [Worker-ResourceReload-12/INFO]: Start loading plugin at xfacthd.framedblocks.common.compat.jade.FramedJadePlugin
[12:05:46] [Worker-ResourceReload-12/INFO]: Start loading plugin at mekanism.common.integration.lookingat.jade.MekanismJadePlugin
[12:05:46] [Worker-ResourceReload-12/INFO]: Start loading plugin at snownee.jade.addon.vanilla.VanillaPlugin
[12:05:46] [Worker-ResourceReload-12/INFO]: Start loading plugin at snownee.jade.addon.universal.UniversalPlugin
[12:05:46] [Worker-ResourceReload-12/INFO]: Start loading plugin at snownee.jade.addon.core.CorePlugin
[12:05:46] [Worker-ResourceReload-12/INFO]: Start loading plugin at appeng.integration.modules.jade.JadeModule
[12:05:46] [Worker-ResourceReload-12/INFO]: Start loading plugin at com.glodblock.github.extendedae.xmod.jade.JadePlugin
[12:05:46] [Worker-ResourceReload-12/INFO]: Start loading plugin at com.gregtechceu.gtceu.integration.jade.GTJadePlugin
[12:05:46] [Worker-ResourceReload-12/INFO]: Start loading plugin at org.cyclops.integrateddynamicscompat.modcompat.jade.JadeIntegratedDynamicsConfig
[12:05:46] [Worker-ResourceReload-12/INFO]: Start loading plugin at com.jaquadro.minecraft.storagedrawers.integration.Waila
[12:05:46] [Worker-ResourceReload-12/INFO]: Start loading plugin at me.ramidzkh.mekae2.integration.jade.AMJadePlugin
[12:05:46] [Render thread/INFO]: Loaded default options for keymappings
[12:05:47] [Render thread/WARN]: Missing sound for event: minecraft:item.goat_horn.play
[12:05:47] [Render thread/WARN]: Missing sound for event: minecraft:entity.goat.screaming.horn_break
[12:05:47] [Render thread/INFO]: OpenAL initialized on device OpenAL Soft on Speakers (Realtek(R) Audio)
[12:05:47] [Render thread/INFO]: Sound engine started
[12:05:48] [Render thread/INFO]: Created: 8192x4096x4 minecraft:textures/atlas/blocks.png-atlas
[12:05:48] [Render thread/WARN]: Unable to retrieve color marker: '6' for atlas: 'mekanism:textures/colormap/gui_text.png'. This is likely due to an out of date resource pack.
[12:05:48] [Render thread/WARN]: Unable to retrieve color marker: '6' for atlas: 'mekanism:textures/colormap/gui_text.png'. This is likely due to an out of date resource pack.
[12:05:48] [Render thread/INFO]: Created: 256x256x4 minecraft:textures/atlas/signs.png-atlas
[12:05:48] [Render thread/INFO]: Created: 512x512x4 minecraft:textures/atlas/banner_patterns.png-atlas
[12:05:48] [Render thread/INFO]: Created: 512x512x4 minecraft:textures/atlas/shield_patterns.png-atlas
[12:05:48] [Render thread/INFO]: Created: 1024x1024x4 minecraft:textures/atlas/armor_trims.png-atlas
[12:05:48] [Render thread/INFO]: Created: 256x256x4 minecraft:textures/atlas/chest.png-atlas
[12:05:48] [Render thread/INFO]: Created: 128x64x4 minecraft:textures/atlas/decorated_pot.png-atlas
[12:05:48] [Render thread/INFO]: Created: 512x256x4 minecraft:textures/atlas/beds.png-atlas
[12:05:48] [Render thread/INFO]: Created: 512x256x4 minecraft:textures/atlas/shulker_boxes.png-atlas
[12:05:48] [Render thread/INFO]: inject shader vsh particle.
[12:05:48] [Render thread/INFO]: inject shader vsh rendertype_solid.
[12:05:48] [Render thread/INFO]: inject shader fsh rendertype_solid.
[12:05:48] [Render thread/INFO]: inject shader vsh rendertype_cutout_mipped.
[12:05:48] [Render thread/INFO]: inject shader fsh rendertype_cutout_mipped.
[12:05:48] [Render thread/INFO]: inject shader vsh rendertype_cutout.
[12:05:48] [Render thread/INFO]: inject shader fsh rendertype_cutout.
[12:05:48] [Render thread/INFO]: inject shader vsh rendertype_translucent.
[12:05:48] [Render thread/INFO]: inject shader vsh rendertype_armor_cutout_no_cull.
[12:05:48] [Render thread/INFO]: inject shader vsh rendertype_entity_solid.
[12:05:48] [Render thread/INFO]: inject shader vsh rendertype_entity_cutout.
[12:05:48] [Render thread/INFO]: inject shader vsh rendertype_entity_cutout_no_cull.
[12:05:48] [Render thread/INFO]: inject shader vsh rendertype_entity_cutout_no_cull_z_offset.
[12:05:48] [Render thread/INFO]: inject shader vsh rendertype_entity_translucent_cull.
[12:05:48] [Render thread/INFO]: inject shader vsh rendertype_entity_translucent.
[12:05:49] [Render thread/WARN]: Shader rendertype_entity_translucent_emissive could not find sampler named Sampler2 in the specified shader program.
[12:05:49] [Render thread/INFO]: inject shader vsh rendertype_entity_smooth_cutout.
[12:05:49] [Render thread/INFO]: inject shader vsh rendertype_entity_decal.
[12:05:49] [Render thread/INFO]: inject shader vsh rendertype_entity_no_outline.
[12:05:49] [Render thread/WARN]: Shader shimmer:rendertype_armor_cutout_no_cull could not find sampler named Sampler2 in the specified shader program.
[12:05:49] [Render thread/WARN]: Shader shimmer:rendertype_armor_cutout_no_cull could not find uniform named Light0_Direction in the specified shader program.
[12:05:49] [Render thread/WARN]: Shader shimmer:rendertype_armor_cutout_no_cull could not find uniform named Light1_Direction in the specified shader program.
[12:05:49] [Render thread/INFO]: Created: 512x256x0 minecraft:textures/atlas/particles.png-atlas
[12:05:49] [Render thread/INFO]: Created: 512x256x0 minecraft:textures/atlas/paintings.png-atlas
[12:05:49] [Render thread/INFO]: Created: 256x128x0 minecraft:textures/atlas/mob_effects.png-atlas
[12:05:49] [Render thread/INFO]: Created: 512x256x0 polylib:textures/atlas/gui.png-atlas
[12:05:49] [Render thread/INFO]: Created: 512x256x0 mekanism:textures/atlas/robit.png-atlas
[12:05:49] [Render thread/INFO]: buildIn shimmer configuration is enabled, this can be disabled by config file
[12:05:51] [Render thread/WARN]: Game took 66.398 seconds to start
[12:06:11] [Render thread/WARN]: Trying to add more outputs than RecipeType can support, id: gtceu:iridium_chloride_separation, Max itemOutputs: 2
[12:06:11] [Render thread/INFO]: Registering dungeon loot...
[12:06:11] [Render thread/INFO]: GregTech Data loading took 1362ms
[12:06:11] [Render thread/INFO]: Injecting existing registry data into this CLIENT instance
[12:06:11] [Render thread/WARN]: Registry minecraft:block: Object did not get ID it asked for. Name: igleelib:modium_block Expected: 4429 Got: 10124
[12:06:11] [Render thread/WARN]: Registry minecraft:block: Object did not get ID it asked for. Name: igleelib:derium_block Expected: 4430 Got: 10127
[12:06:11] [Render thread/WARN]: Registry minecraft:block: Object did not get ID it asked for. Name: igleelib:blazum_block Expected: 4431 Got: 10128
[12:06:11] [Render thread/WARN]: Registry minecraft:block: Object did not get ID it asked for. Name: igleelib:lavium_block Expected: 4432 Got: 10129
[12:06:11] [Render thread/WARN]: Registry minecraft:block: Object did not get ID it asked for. Name: igleelib:ghost_block Expected: 4433 Got: 10130
[12:06:11] [Render thread/WARN]: Registry minecraft:item: Object did not get ID it asked for. Name: igleelib:blaze_shard Expected: 5200 Got: 16277
[12:06:11] [Render thread/WARN]: Registry minecraft:item: Object did not get ID it asked for. Name: igleelib:modium_ingot Expected: 5201 Got: 16278
[12:06:11] [Render thread/WARN]: Registry minecraft:item: Object did not get ID it asked for. Name: igleelib:derium_ingot Expected: 5202 Got: 16279
[12:06:11] [Render thread/WARN]: Registry minecraft:item: Object did not get ID it asked for. Name: igleelib:blazum_ingot Expected: 5203 Got: 16280
[12:06:11] [Render thread/WARN]: Registry minecraft:item: Object did not get ID it asked for. Name: igleelib:lavium_ingot Expected: 5204 Got: 16281
[12:06:11] [Render thread/WARN]: Registry minecraft:item: Object did not get ID it asked for. Name: igleelib:iglium_upgrade_smithing_template Expected: 5205 Got: 16282
[12:06:11] [Render thread/WARN]: Registry minecraft:item: Object did not get ID it asked for. Name: igleelib:modium_block Expected: 5206 Got: 16283
[12:06:11] [Render thread/WARN]: Registry minecraft:item: Object did not get ID it asked for. Name: igleelib:derium_block Expected: 5207 Got: 16294
[12:06:11] [Render thread/WARN]: Registry minecraft:item: Object did not get ID it asked for. Name: igleelib:blazum_block Expected: 5208 Got: 16295
[12:06:11] [Render thread/WARN]: Registry minecraft:item: Object did not get ID it asked for. Name: igleelib:lavium_block Expected: 5209 Got: 16296
[12:06:12] [Render thread/INFO]: example.js#5: Hello, World! (Loaded server scripts)
[12:06:12] [Render thread/INFO]: Loaded script server_scripts:example.js in 0.008 s
[12:06:12] [Render thread/INFO]: Loaded 1/1 KubeJS server scripts in 0.018 s with 0 errors and 0 warnings
[12:06:12] [Render thread/INFO]: Scripts loaded
[12:06:12] [Render thread/INFO]: Initializing recipe event...
[12:06:14] [Worker-ResourceReload-13/WARN]: Static binding violation: PRIVATE @Overwrite method m_215924_ in modernfix-forge.mixins.json:perf.tag_id_caching.TagEntryMixin cannot reduce visibiliy of PUBLIC target method, visibility will be upgraded.
[12:06:15] [Worker-ResourceReload-13/ERROR]: Couldn't parse element loot_tables:expatternprovider:blocks/ex_emc_interface
com.google.gson.JsonSyntaxException: Expected name to be an item, was unknown string 'expatternprovider:ex_emc_interface'
	at net.minecraft.util.GsonHelper.m_13866_(GsonHelper.java:145) ~[client-1.20.1-20230612.114412-srg.jar%23400!/:?]
	at java.util.Optional.orElseThrow(Optional.java:403) ~[?:?]
	at net.minecraft.util.GsonHelper.m_13874_(GsonHelper.java:145) ~[client-1.20.1-20230612.114412-srg.jar%23400!/:?]
	at net.minecraft.util.GsonHelper.m_13909_(GsonHelper.java:153) ~[client-1.20.1-20230612.114412-srg.jar%23400!/:?]
	at net.minecraft.world.level.storage.loot.entries.LootItem$Serializer.m_7267_(LootItem.java:55) ~[client-1.20.1-20230612.114412-srg.jar%23400!/:?]
	at net.minecraft.world.level.storage.loot.entries.LootItem$Serializer.m_7267_(LootItem.java:40) ~[client-1.20.1-20230612.114412-srg.jar%23400!/:?]
	at net.minecraft.world.level.storage.loot.entries.LootPoolSingletonContainer$Serializer.m_5921_(LootPoolSingletonContainer.java:151) ~[client-1.20.1-20230612.114412-srg.jar%23400!/:?]
	at net.minecraft.world.level.storage.loot.entries.LootPoolSingletonContainer$Serializer.m_5921_(LootPoolSingletonContainer.java:129) ~[client-1.20.1-20230612.114412-srg.jar%23400!/:?]
	at net.minecraft.world.level.storage.loot.entries.LootPoolEntryContainer$Serializer.m_7561_(LootPoolEntryContainer.java:86) ~[client-1.20.1-20230612.114412-srg.jar%23400!/:?]
	at net.minecraft.world.level.storage.loot.entries.LootPoolEntryContainer$Serializer.m_7561_(LootPoolEntryContainer.java:74) ~[client-1.20.1-20230612.114412-srg.jar%23400!/:?]
	at net.minecraft.world.level.storage.loot.GsonAdapterFactory$JsonAdapter.deserialize(GsonAdapterFactory.java:102) ~[client-1.20.1-20230612.114412-srg.jar%23400!/:?]
	at com.google.gson.internal.bind.TreeTypeAdapter.read(TreeTypeAdapter.java:76) ~[gson-2.10.jar%23107!/:?]
	at com.google.gson.internal.bind.TypeAdapterRuntimeTypeWrapper.read(TypeAdapterRuntimeTypeWrapper.java:40) ~[gson-2.10.jar%23107!/:?]
	at com.google.gson.internal.bind.ArrayTypeAdapter.read(ArrayTypeAdapter.java:72) ~[gson-2.10.jar%23107!/:?]
	at com.google.gson.Gson.fromJson(Gson.java:1214) ~[gson-2.10.jar%23107!/:?]
	at com.google.gson.Gson.fromJson(Gson.java:1319) ~[gson-2.10.jar%23107!/:?]
	at com.google.gson.Gson.fromJson(Gson.java:1290) ~[gson-2.10.jar%23107!/:?]
	at com.google.gson.internal.bind.TreeTypeAdapter$GsonContextImpl.deserialize(TreeTypeAdapter.java:179) ~[gson-2.10.jar%23107!/:?]
	at net.minecraft.util.GsonHelper.m_13808_(GsonHelper.java:463) ~[client-1.20.1-20230612.114412-srg.jar%23400!/:?]
	at net.minecraft.util.GsonHelper.m_13836_(GsonHelper.java:471) ~[client-1.20.1-20230612.114412-srg.jar%23400!/:?]
	at net.minecraft.world.level.storage.loot.LootPool$Serializer.deserialize(LootPool.java:192) ~[client-1.20.1-20230612.114412-srg.jar%23400!/:?]
	at net.minecraft.world.level.storage.loot.LootPool$Serializer.deserialize(LootPool.java:189) ~[client-1.20.1-20230612.114412-srg.jar%23400!/:?]
	at com.google.gson.internal.bind.TreeTypeAdapter.read(TreeTypeAdapter.java:76) ~[gson-2.10.jar%23107!/:?]
	at com.google.gson.internal.bind.TypeAdapterRuntimeTypeWrapper.read(TypeAdapterRuntimeTypeWrapper.java:40) ~[gson-2.10.jar%23107!/:?]
	at com.google.gson.internal.bind.ArrayTypeAdapter.read(ArrayTypeAdapter.java:72) ~[gson-2.10.jar%23107!/:?]
	at com.google.gson.Gson.fromJson(Gson.java:1214) ~[gson-2.10.jar%23107!/:?]
	at com.google.gson.Gson.fromJson(Gson.java:1319) ~[gson-2.10.jar%23107!/:?]
	at com.google.gson.Gson.fromJson(Gson.java:1290) ~[gson-2.10.jar%23107!/:?]
	at com.google.gson.internal.bind.TreeTypeAdapter$GsonContextImpl.deserialize(TreeTypeAdapter.java:179) ~[gson-2.10.jar%23107!/:?]
	at net.minecraft.util.GsonHelper.m_13808_(GsonHelper.java:463) ~[client-1.20.1-20230612.114412-srg.jar%23400!/:?]
	at net.minecraft.util.GsonHelper.m_13845_(GsonHelper.java:481) ~[client-1.20.1-20230612.114412-srg.jar%23400!/:?]
	at net.minecraft.world.level.storage.loot.LootTable$Serializer.deserialize(LootTable.java:294) ~[client-1.20.1-20230612.114412-srg.jar%23400!/:?]
	at net.minecraft.world.level.storage.loot.LootTable$Serializer.deserialize(LootTable.java:291) ~[client-1.20.1-20230612.114412-srg.jar%23400!/:?]
	at com.google.gson.internal.bind.TreeTypeAdapter.read(TreeTypeAdapter.java:76) ~[gson-2.10.jar%23107!/:?]
	at com.google.gson.Gson.fromJson(Gson.java:1214) ~[gson-2.10.jar%23107!/:?]
	at com.google.gson.Gson.fromJson(Gson.java:1319) ~[gson-2.10.jar%23107!/:?]
	at com.google.gson.Gson.fromJson(Gson.java:1261) ~[gson-2.10.jar%23107!/:?]
	at net.minecraftforge.common.ForgeHooks.loadLootTable(ForgeHooks.java:871) ~[forge-1.20.1-47.3.10-universal.jar%23405!/:?]
	at net.minecraftforge.common.ForgeHooks.lambda$getLootTableDeserializer$3(ForgeHooks.java:848) ~[forge-1.20.1-47.3.10-universal.jar%23405!/:?]
	at net.minecraft.world.level.storage.loot.LootDataType.deserialize(LootDataType.java:45) ~[client-1.20.1-20230612.114412-srg.jar%23400!/:?]
	at net.minecraft.world.level.storage.loot.LootDataManager.lambda$scheduleElementParse$4(LootDataManager.java:56) ~[client-1.20.1-20230612.114412-srg.jar%23400!/:?]
	at java.util.HashMap.forEach(HashMap.java:1421) ~[?:?]
	at net.minecraft.world.level.storage.loot.LootDataManager.m_278660_(LootDataManager.java:55) ~[client-1.20.1-20230612.114412-srg.jar%23400!/:?]
	at java.util.concurrent.CompletableFuture$AsyncRun.run(CompletableFuture.java:1804) ~[?:?]
	at java.util.concurrent.CompletableFuture$AsyncRun.exec(CompletableFuture.java:1796) ~[?:?]
	at java.util.concurrent.ForkJoinTask.doExec(ForkJoinTask.java:373) ~[?:?]
	at java.util.concurrent.ForkJoinPool$WorkQueue.topLevelExec(ForkJoinPool.java:1182) ~[?:?]
	at java.util.concurrent.ForkJoinPool.scan(ForkJoinPool.java:1655) ~[?:?]
	at java.util.concurrent.ForkJoinPool.runWorker(ForkJoinPool.java:1622) ~[?:?]
	at java.util.concurrent.ForkJoinWorkerThread.run(ForkJoinWorkerThread.java:165) ~[?:?]
[12:06:16] [Render thread/INFO]: Processing recipes...
[12:06:17] [Render thread/INFO]: Found 48395 recipes in 915.8 ms
[12:06:17] [Render thread/INFO]: Posted recipe events in 101.1 ms
[12:06:17] [KubeJS Recipe Event Worker 0/WARN]: Your custom createaddition:rolling/electrum_plate recipe (createaddition:rolling/electrum_plate) specified a duration. Durations have no impact on this type of recipe.
[12:06:17] [KubeJS Recipe Event Worker 0/WARN]: Error parsing recipe gtceu:shapeless/centrifuged_ore_to_dust_neutronium[minecraft:crafting_shapeless]: {"type":"minecraft:crafting_shapeless","ingredients":[{"tag":"forge:tools/hammers"},[]],"result":{"item":"gtceu:neutronium_mixture_dust"}}: Item array cannot be empty, at least one item must be defined
[12:06:17] [KubeJS Recipe Event Worker 0/WARN]: Your custom createaddition:rolling/brass_ingot recipe (createaddition:rolling/brass_ingot) specified a duration. Durations have no impact on this type of recipe.
[12:06:17] [KubeJS Recipe Event Worker 0/WARN]: Your custom createaddition:rolling/straw recipe (createaddition:rolling/straw) specified a duration. Durations have no impact on this type of recipe.
[12:06:17] [KubeJS Recipe Event Worker 0/WARN]: Your custom createaddition:rolling/iron_plate recipe (createaddition:rolling/iron_plate) specified a duration. Durations have no impact on this type of recipe.
[12:06:17] [KubeJS Recipe Event Worker 0/WARN]: Your custom createaddition:rolling/copper_ingot recipe (createaddition:rolling/copper_ingot) specified a duration. Durations have no impact on this type of recipe.
[12:06:17] [KubeJS Recipe Event Worker 0/WARN]: Your custom createaddition:rolling/gold_plate recipe (createaddition:rolling/gold_plate) specified a duration. Durations have no impact on this type of recipe.
[12:06:17] [KubeJS Recipe Event Worker 0/WARN]: Your custom createaddition:rolling/iron_ingot recipe (createaddition:rolling/iron_ingot) specified a duration. Durations have no impact on this type of recipe.
[12:06:17] [KubeJS Recipe Event Worker 0/WARN]: Your custom createaddition:rolling/electrum_ingot recipe (createaddition:rolling/electrum_ingot) specified a duration. Durations have no impact on this type of recipe.
[12:06:17] [KubeJS Recipe Event Worker 0/WARN]: Your custom createaddition:rolling/copper_plate recipe (createaddition:rolling/copper_plate) specified a duration. Durations have no impact on this type of recipe.
[12:06:17] [KubeJS Recipe Event Worker 0/WARN]: Your custom createaddition:rolling/gold_ingot recipe (createaddition:rolling/gold_ingot) specified a duration. Durations have no impact on this type of recipe.
[12:06:17] [KubeJS Recipe Event Worker 0/ERROR]: No key duration in MapLike[{"type":"gtceu:large_chemical_reactor","inputs":{"fluid":[{"content":{"amount":1000,"value":[{"fluid":"gtceu:osmium_tetroxide"}]},"chance":10000,"maxChance":10000,"tierChanceBoost":0},{"content":{"amount":6000,"value":[{"fluid":"gtceu:hydrochloric_acid"}]},"chance":10000,"maxChance":10000,"tierChanceBoost":0}]},"outputs":{"fluid":[{"content":{"amount":36000,"value":[{"fluid":"gtceu:chlorine"}]},"chance":10000,"maxChance":10000,"tierChanceBoost":0},{"content":{"amount":2000,"value":[{"fluid":"minecraft:water"}]},"chance":10000,"maxChance":10000,"tierChanceBoost":0}],"item":[{"content":{"type":"gtceu:sized","count":1,"ingredient":{"item":"gtceu:osmium_dust"}},"chance":10000,"maxChance":10000,"tierChanceBoost":0}]}}]
[12:06:17] [KubeJS Recipe Event Worker 0/WARN]: Error parsing recipe gtceu:large_chemical_reactor/test13[gtceu:large_chemical_reactor]: {"type":"gtceu:large_chemical_reactor","inputs":{"fluid":[{"content":{"amount":1000,"value":[{"fluid":"gtceu:osmium_tetroxide"}]},"chance":10000,"maxChance":10000,"tierChanceBoost":0},{"content":{"amount":6000,"value":[{"fluid":"gtceu:hydrochloric_acid"}]},"chance":10000,"maxChance":10000,"tierChanceBoost":0}]},"outputs":{"fluid":[{"content":{"amount":36000,"value":[{"fluid":"gtceu:chlorine"}]},"chance":10000,"maxChance":10000,"tierChanceBoost":0},{"content":{"amount":2000,"value":[{"fluid":"minecraft:water"}]},"chance":10000,"maxChance":10000,"tierChanceBoost":0}],"item":[{"content":{"type":"gtceu:sized","count":1,"ingredient":{"item":"gtceu:osmium_dust"}},"chance":10000,"maxChance":10000,"tierChanceBoost":0}]}}: No key duration in MapLike[{"type":"gtceu:large_chemical_reactor","inputs":{"fluid":[{"content":{"amount":1000,"value":[{"fluid":"gtceu:osmium_tetroxide"}]},"chance":10000,"maxChance":10000,"tierChanceBoost":0},{"content":{"amount":6000,"value":[{"fluid":"gtceu:hydrochloric_acid"}]},"chance":10000,"maxChance":10000,"tierChanceBoost":0}]},"outputs":{"fluid":[{"content":{"amount":36000,"value":[{"fluid":"gtceu:chlorine"}]},"chance":10000,"maxChance":10000,"tierChanceBoost":0},{"content":{"amount":2000,"value":[{"fluid":"minecraft:water"}]},"chance":10000,"maxChance":10000,"tierChanceBoost":0}],"item":[{"content":{"type":"gtceu:sized","count":1,"ingredient":{"item":"gtceu:osmium_dust"}},"chance":10000,"maxChance":10000,"tierChanceBoost":0}]}}]
[12:06:18] [Render thread/INFO]: Added 22 recipes, removed 59 recipes, modified 3 recipes, with 2 failed recipes in 1.219 s
[12:06:18] [Render thread/INFO]: Clearing KubeJS recipe lists...
[12:06:18] [Render thread/INFO]: Loaded 4252 advancements
[12:06:18] [Render thread/INFO]: Registered 0 additional recipes.
[12:06:18] [Render thread/INFO]: Loaded 11 curio slots
[12:06:18] [Render thread/INFO]: Loaded 1 curio entities
[12:06:18] [Render thread/INFO]: Registered 0 gear_sets.
[12:06:19] [Server thread/INFO]: Starting integrated minecraft server version 1.20.1
[12:06:19] [Server thread/INFO]: Generating keypair
[12:06:19] [Server thread/INFO]: Loading server config for hangglider
[12:06:19] [Server thread/INFO]: loaded team data: 1 known players, 1 teams total
[12:06:19] [Server thread/INFO]: Preparing start region for dimension minecraft:overworld
[12:06:19] [Server thread/INFO]: Server resource reload complete!
[12:06:23] [Render thread/INFO]: Time elapsed: 89433 ms
[12:06:23] [Server thread/INFO]: Successfully initialized permission handler forge:default_handler
[12:06:23] [Server thread/INFO]: jetty-9.4.52.v20230823; built: 2023-08-23T19:29:37.669Z; git: abdcda73818a1a2c705da276edb0bf6581e7997e; jvm 17.0.15+6-LTS
[12:06:23] [Server thread/INFO]: Started m.l.o.e.j.s.ServletContextHandler@37af3ba3{/,union:/C:/Users/arifv/curseforge/minecraft/Instances/1.20.1-net0-done/mods/MTR-forge-1.20.1-3.2.2-hotfix-2.jar%23366!/assets/mtr/website,AVAILABLE}
[12:06:23] [Server thread/INFO]: Started ServerConnector@6d5885df{HTTP/1.1, (http/1.1)}{0.0.0.0:8888}
[12:06:23] [Server thread/INFO]: Started @98906ms
[12:06:23] [Server thread/INFO]: Scanning class appeng.server.testplots.TestPlots for plots
[12:06:23] [Server thread/INFO]: Scanning class appeng.server.testplots.AutoCraftingTestPlots for plots
[12:06:23] [Server thread/INFO]: Scanning class appeng.server.testplots.InscriberTestPlots for plots
[12:06:23] [Server thread/INFO]: Scanning class appeng.server.testplots.P2PTestPlots for plots
[12:06:23] [Server thread/INFO]: Scanning class appeng.server.testplots.ItemP2PTestPlots for plots
[12:06:23] [Server thread/INFO]: Scanning class appeng.server.testplots.MemoryCardTestPlots for plots
[12:06:23] [Server thread/INFO]: Scanning class appeng.server.testplots.PatternProviderLockModePlots for plots
[12:06:23] [Server thread/INFO]: Scanning class appeng.server.testplots.PatternProviderPlots for plots
[12:06:23] [Server thread/INFO]: Scanning class appeng.server.testplots.SpatialTestPlots for plots
[12:06:23] [Server thread/INFO]: Scanning class appeng.server.testplots.QnbTestPlots for plots
[12:06:23] [Server thread/INFO]: Scanning class appeng.server.testplots.GuidebookPlot for plots
[12:06:23] [Server thread/INFO]: Scanning class appeng.server.testplots.SubnetPlots for plots
[12:06:23] [Server thread/INFO]: Scanning class appeng.server.testplots.AnnihilationPlaneTests for plots
[12:06:23] [Server thread/INFO]: Starting Integrated REST server...
[12:06:24] [Server thread/WARN]: Unable to parse the boolean system property 'java.net.preferIPv6Addresses':system - using the default value: false
[12:06:24] [Server thread/INFO]: Started Integrated REST server on http://localhost:3002/
[12:06:25] [Server thread/INFO]: Changing view distance to 12, from 10
[12:06:25] [Server thread/INFO]: Changing simulation distance to 12, from 0
[12:06:25] [Render thread/INFO]: Mixing client.MixinClientHandshakePacketListenerImpl from mixins/forge/nochatreports-forge.mixins.json into net.minecraft.client.multiplayer.ClientHandshakePacketListenerImpl
[12:06:25] [Netty Local Client IO #0/INFO]: Mixing server.MixinServerboundChatCommandPacket from mixins/common/nochatreports.mixins.json into net.minecraft.network.protocol.game.ServerboundChatCommandPacket
[12:06:25] [Netty Local Client IO #0/INFO]: Mixing server.MixinServerboundChatPacket from mixins/common/nochatreports.mixins.json into net.minecraft.network.protocol.game.ServerboundChatPacket
[12:06:25] [Netty Local Client IO #0/INFO]: Mixing server.MixinServerboundChatSessionUpdatePacket from mixins/common/nochatreports.mixins.json into net.minecraft.network.protocol.game.ServerboundChatSessionUpdatePacket
[12:06:26] [Server thread/WARN]: Can't keep up! Is the server overloaded? Running 2076ms or 41 ticks behind
[12:06:27] [Netty Local Client IO #0/INFO]: Connected to a modded server.
[12:06:28] [Server thread/INFO]: arifmini64[local:E:25207fc1] logged in with entity id 33 at (6.772333554315155, -38.77327961412342, -91.49155787338822)
[12:06:28] [Server thread/INFO]: arifmini64 joined the game
[12:06:28] [Render thread/INFO]: [Inventory Profiles Next] Loaded 0 external GUI hints
[12:06:28] [Render thread/INFO]: [Inventory Profiles Next] Loaded 797 build-in GUI hints
[12:06:28] [Render thread/INFO]: [Inventory Profiles Next] Effective GUI hints after merge: 797
[12:06:28] [Render thread/INFO]: Started 10 worker threads
[12:06:29] [Render thread/INFO]: Started 10 worker threads
[12:06:29] [Netty Local Client IO #0/INFO]: Read 529 bytes, 1 objects
[12:06:29] [Server thread/INFO]: Syncing config to arifmini64 (f8f1bbe6-f1cf-43e8-bda9-3c183c4bcbc3)
[12:06:29] [Render thread/WARN]: Unknown recipe category: ae2:charger/ae2:charger/meteorite_compass
[12:06:29] [REI-ReloadPlugins/INFO]: [REI] Detected JEI plugin from [integratedterminals, integratedterminalscompat]: org.cyclops.integratedterminalscompat.modcompat.jei.JEIIntegratedTerminalsConfig
[12:06:29] [REI-ReloadPlugins/INFO]: [REI] Detected JEI plugin from [architects_palette]: architectspalette.compat.JEIPlugin
[12:06:29] [Render thread/WARN]: Unknown recipe category: ae2:charger/ae2:charger/charged_certus_quartz_crystal
[12:06:29] [REI-ReloadPlugins/INFO]: [REI] Detected JEI plugin from [sophisticatedcore]: net.p3pp3rf1y.sophisticatedcore.compat.jei.CorePlugin
[12:06:29] [Render thread/WARN]: Unknown recipe category: ae2:charger/ae2:charger/guide
[12:06:29] [REI-ReloadPlugins/INFO]: [REI] Detected JEI plugin from [modernfix]: org.embeddedt.modernfix.searchtree.JEIRuntimeCapturer
[12:06:29] [REI-ReloadPlugins/INFO]: [REI] Detected JEI plugin from [sophisticatedbackpacks]: net.p3pp3rf1y.sophisticatedbackpacks.compat.jei.SBPPlugin
[12:06:29] [REI-ReloadPlugins/INFO]: [REI] Detected JEI plugin from [ldlib]: com.lowdragmc.lowdraglib.jei.JEIPlugin
[12:06:29] [REI-ReloadPlugins/INFO]: [REI] Detected JEI plugin from [jeresources]: jeresources.jei.JEIConfig
[12:06:29] [REI-ReloadPlugins/INFO]: [REI] Detected JEI plugin from [curios]: top.theillusivec4.curios.common.integration.jei.CuriosJeiPlugin
[12:06:29] [REI-ReloadPlugins/INFO]: [REI] Detected JEI plugin from [framedblocks] but IGNORED: xfacthd.framedblocks.common.compat.jei.FramedJeiPlugin
[12:06:29] [REI-ReloadPlugins/INFO]: [REI] Detected JEI plugin from [polylib]: net.creeperhost.polylib.compat.jei.PolyJEIPlugin
[12:06:29] [Render thread/WARN]: [REI] Found 1 existing reload task(s) after trying to terminate them!
[12:06:29] [REI-ReloadPlugins/INFO]: [REI] Detected JEI plugin from [ftblibrary]: dev.ftb.mods.ftblibrary.integration.forge.JEIIntegration
[12:06:29] [Render thread/INFO]: Loading infobook /data/cyclopscore/info/test.xml
[12:06:29] [REI-ReloadPlugins/INFO]: [REI] Detected JEI plugin from [craftingstation]: tfar.craftingstation.jei.JeiClientPlugin
[12:06:29] [Render thread/INFO]: Loading infobook /data/integrateddynamics/info/on_the_dynamics_of_integration.xml
[12:06:29] [REI-ReloadPlugins/INFO]: [REI] Detected JEI plugin from [mekanism]: mekanism.client.jei.MekanismJEI
[12:06:29] [REI-ReloadPlugins/INFO]: [REI] Detected JEI plugin from [mekanismgenerators]: mekanism.generators.client.jei.GeneratorsJEI
[12:06:29] [REI-ReloadPlugins/INFO]: [REI] Detected JEI plugin from [mekanismtools]: mekanism.tools.client.jei.ToolsJEI
[12:06:29] [REI-ReloadPlugins/INFO]: [REI] Detected JEI plugin from [mcjtylib]: mcjty.lib.compat.JeiCompatibility
[12:06:29] [REI-ReloadPlugins/INFO]: [REI] Detected JEI plugin from [rftoolsbase]: mcjty.rftoolsbase.compat.jei.RFToolsBaseJeiPlugin
[12:06:29] [REI-ReloadPlugins/INFO]: [REI] Detected JEI plugin from [xnet]: mcjty.xnet.compat.jei.JeiCompat
[12:06:29] [REI-ReloadPlugins/INFO]: [REI] Detected JEI plugin from [rftoolsstorage]: mcjty.rftoolsstorage.compat.jei.RFToolsStorageJeiPlugin
[12:06:29] [REI-ReloadPlugins/INFO]: [REI] Detected JEI plugin from [rftoolscontrol]: mcjty.rftoolscontrol.compat.jei.RFToolsControlJeiPlugin
[12:06:29] [REI-ReloadPlugins/INFO]: [REI] Detected JEI plugin from [rftoolsutility]: mcjty.rftoolsutility.compat.jei.RFToolsUtilityJeiPlugin
[12:06:29] [REI-ReloadPlugins/INFO]: [REI] Detected JEI plugin from [jade]: snownee.jade.compat.JEICompat
[12:06:29] [REI-ReloadPlugins/INFO]: [REI] Detected JEI plugin from [ae2]: appeng.integration.modules.jei.JEIPlugin
[12:06:29] [REI-ReloadPlugins/INFO]: [REI] Detected JEI plugin from [expatternprovider]: com.glodblock.github.extendedae.xmod.jei.JEIPlugin
[12:06:29] [REI-ReloadPlugins/INFO]: [REI] Detected JEI plugin from [kubejs]: dev.latvian.mods.kubejs.integration.forge.jei.JEIPlugin
[12:06:29] [REI-ReloadPlugins/INFO]: [REI] Detected JEI plugin from [ftbxmodcompat]: dev.ftb.mods.ftbxmodcompat.ftbquests.jei.FTBQuestsJEIIntegration
[12:06:29] [REI-ReloadPlugins/INFO]: [REI] Detected JEI plugin from [gtceu]: com.gregtechceu.gtceu.integration.jei.GTJEIPlugin
[12:06:29] [REI-ReloadPlugins/INFO]: [REI] Detected JEI plugin from [create]: com.simibubi.create.compat.jei.CreateJEI
[12:06:29] [REI-ReloadPlugins/INFO]: [REI] Detected JEI plugin from [integrateddynamics, integrateddynamicscompat]: org.cyclops.integrateddynamicscompat.modcompat.jei.JEIIntegratedDynamicsConfig
[12:06:29] [REI-ReloadPlugins/INFO]: [REI] Detected JEI plugin from [appmek]: me.ramidzkh.mekae2.integration.jei.AMJEIPlugin
[12:06:29] [REI-ReloadPlugins/INFO]: [REI] Detected JEI plugin from [createaddition]: com.mrh0.createaddition.compat.jei.CreateAdditionJEI
[12:06:29] [REI-ReloadPlugins/INFO]: [REI] Detected 30 JEI plugins
[12:06:30] [REI-ReloadPlugins/INFO]: [REI] ########################################
[12:06:30] [REI-ReloadPlugins/INFO]: [REI] REIPlugin starting main-reload for START.
[12:06:30] [REI-ReloadPlugins/INFO]: [REI] Plugins (48):
[12:06:30] [REI-ReloadPlugins/INFO]: [REI]  - (-100.00) DefaultClientPluginImpl of DefaultClientPluginImpl [roughlyenoughitems]
[12:06:30] [REI-ReloadPlugins/INFO]: [REI]  - (-100.00) DefaultPluginImpl of DefaultPluginImpl [roughlyenoughitems]
[12:06:30] [REI-ReloadPlugins/INFO]: [REI]  - (0.00) HideIngredientsFromTagsPlugin of HideIngredientsFromTagsPlugin [roughlyenoughitems]
[12:06:30] [REI-ReloadPlugins/INFO]: [REI]  - (0.00) DefaultClientRuntimePlugin of DefaultClientRuntimePlugin [roughlyenoughitems]
[12:06:30] [REI-ReloadPlugins/INFO]: [REI]  - (0.00) DefaultRuntimePlugin of DefaultRuntimePlugin [roughlyenoughitems]
[12:06:30] [REI-ReloadPlugins/INFO]: [REI]  - (0.00) JEI Plugin [CreateAdditionJEI:createaddition:jei_plugin] of REI Plugin Compatibilities Adapter [rei_plugin_compatibilities, jei]
[12:06:30] [REI-ReloadPlugins/INFO]: [REI]  - (0.00) JEI Plugin [AMJEIPlugin:appmek:jei] of REI Plugin Compatibilities Adapter [rei_plugin_compatibilities, jei]
[12:06:30] [REI-ReloadPlugins/INFO]: [REI]  - (0.00) JEI Plugin [JEIIntegratedDynamicsConfig:integrateddynamicscompat:main] of REI Plugin Compatibilities Adapter [rei_plugin_compatibilities, jei]
[12:06:30] [REI-ReloadPlugins/INFO]: [REI]  - (0.00) JEI Plugin [CreateJEI:create:jei_plugin] of REI Plugin Compatibilities Adapter [rei_plugin_compatibilities, jei]
[12:06:30] [REI-ReloadPlugins/INFO]: [REI]  - (0.00) JEI Plugin [GTJEIPlugin:gtceu:jei_plugin] of REI Plugin Compatibilities Adapter [rei_plugin_compatibilities, jei]
[12:06:30] [REI-ReloadPlugins/INFO]: [REI]  - (0.00) JEI Plugin [FTBQuestsJEIIntegration:ftbxmodcompat:ftbquests_jei] of REI Plugin Compatibilities Adapter [rei_plugin_compatibilities, jei]
[12:06:30] [REI-ReloadPlugins/INFO]: [REI]  - (0.00) JEI Plugin [JEIPlugin:kubejs:jei] of REI Plugin Compatibilities Adapter [rei_plugin_compatibilities, jei]
[12:06:30] [REI-ReloadPlugins/INFO]: [REI]  - (0.00) JEI Plugin [JEIPlugin:expatternprovider:jei_plugin] of REI Plugin Compatibilities Adapter [rei_plugin_compatibilities, jei]
[12:06:30] [REI-ReloadPlugins/INFO]: [REI]  - (0.00) JEI Plugin [JEIPlugin:ae2:core] of REI Plugin Compatibilities Adapter [rei_plugin_compatibilities, jei]
[12:06:30] [REI-ReloadPlugins/INFO]: [REI]  - (0.00) JEI Plugin [JEICompat:jade:main] of REI Plugin Compatibilities Adapter [rei_plugin_compatibilities, jei]
[12:06:30] [REI-ReloadPlugins/INFO]: [REI]  - (0.00) JEI Plugin [RFToolsUtilityJeiPlugin:rftoolsutility:rftoolsutility] of REI Plugin Compatibilities Adapter [rei_plugin_compatibilities, jei]
[12:06:30] [REI-ReloadPlugins/INFO]: [REI]  - (0.00) JEI Plugin [RFToolsControlJeiPlugin:rftoolscontrol:rftoolscontrol] of REI Plugin Compatibilities Adapter [rei_plugin_compatibilities, jei]
[12:06:30] [REI-ReloadPlugins/INFO]: [REI]  - (0.00) JEI Plugin [RFToolsStorageJeiPlugin:rftoolsstorage:rftoolsstorage] of REI Plugin Compatibilities Adapter [rei_plugin_compatibilities, jei]
[12:06:30] [REI-ReloadPlugins/INFO]: [REI]  - (0.00) JEI Plugin [JeiCompat:mcjtylib:xnet] of REI Plugin Compatibilities Adapter [rei_plugin_compatibilities, jei]
[12:06:30] [REI-ReloadPlugins/INFO]: [REI]  - (0.00) JEI Plugin [RFToolsBaseJeiPlugin:rftoolsbase:rftoolsbase] of REI Plugin Compatibilities Adapter [rei_plugin_compatibilities, jei]
[12:06:30] [REI-ReloadPlugins/INFO]: [REI]  - (0.00) JEI Plugin [JeiCompatibility:mcjtylib:mcjtylib] of REI Plugin Compatibilities Adapter [rei_plugin_compatibilities, jei]
[12:06:30] [REI-ReloadPlugins/INFO]: [REI]  - (0.00) JEI Plugin [ToolsJEI:mekanismtools:jei_plugin] of REI Plugin Compatibilities Adapter [rei_plugin_compatibilities, jei]
[12:06:30] [REI-ReloadPlugins/INFO]: [REI]  - (0.00) JEI Plugin [GeneratorsJEI:mekanismgenerators:jei_plugin] of REI Plugin Compatibilities Adapter [rei_plugin_compatibilities, jei]
[12:06:30] [REI-ReloadPlugins/INFO]: [REI]  - (0.00) JEI Plugin [MekanismJEI:mekanism:jei_plugin] of REI Plugin Compatibilities Adapter [rei_plugin_compatibilities, jei]
[12:06:30] [REI-ReloadPlugins/INFO]: [REI]  - (0.00) JEI Plugin [JeiClientPlugin:minecraft:craftingstation] of REI Plugin Compatibilities Adapter [rei_plugin_compatibilities, jei]
[12:06:30] [REI-ReloadPlugins/INFO]: [REI]  - (0.00) JEI Plugin [JEIIntegration:ftblibrary:jei] of REI Plugin Compatibilities Adapter [rei_plugin_compatibilities, jei]
[12:06:30] [REI-ReloadPlugins/INFO]: [REI]  - (0.00) JEI Plugin [PolyJEIPlugin:polylib:jei_plugin] of REI Plugin Compatibilities Adapter [rei_plugin_compatibilities, jei]
[12:06:30] [REI-ReloadPlugins/INFO]: [REI]  - (0.00) JEI Plugin [CuriosJeiPlugin:curios:curios] of REI Plugin Compatibilities Adapter [rei_plugin_compatibilities, jei]
[12:06:30] [REI-ReloadPlugins/INFO]: [REI]  - (0.00) JEI Plugin [JEIConfig:minecraft:jeresources] of REI Plugin Compatibilities Adapter [rei_plugin_compatibilities, jei]
[12:06:30] [REI-ReloadPlugins/INFO]: [REI]  - (0.00) JEI Plugin [JEIPlugin:ldlib:jei_plugin] of REI Plugin Compatibilities Adapter [rei_plugin_compatibilities, jei]
[12:06:30] [REI-ReloadPlugins/INFO]: [REI]  - (0.00) JEI Plugin [SBPPlugin:sophisticatedbackpacks:default] of REI Plugin Compatibilities Adapter [rei_plugin_compatibilities, jei]
[12:06:30] [REI-ReloadPlugins/INFO]: [REI]  - (0.00) JEI Plugin [JEIRuntimeCapturer:modernfix:capturer] of REI Plugin Compatibilities Adapter [rei_plugin_compatibilities, jei]
[12:06:30] [REI-ReloadPlugins/INFO]: [REI]  - (0.00) JEI Plugin [CorePlugin:sophisticatedcore:default] of REI Plugin Compatibilities Adapter [rei_plugin_compatibilities, jei]
[12:06:30] [REI-ReloadPlugins/INFO]: [REI]  - (0.00) JEI Plugin [JEIPlugin:architects_palette:jei_plugin] of REI Plugin Compatibilities Adapter [rei_plugin_compatibilities, jei]
[12:06:30] [REI-ReloadPlugins/INFO]: [REI]  - (0.00) JEI Plugin [JEIIntegratedTerminalsConfig:integratedterminalscompat:main] of REI Plugin Compatibilities Adapter [rei_plugin_compatibilities, jei]
[12:06:30] [REI-ReloadPlugins/INFO]: [REI]  - (0.00) ReiIntegratedDynamicsConfig of ReiIntegratedDynamicsConfig [integrateddynamics, integrateddynamicscompat]
[12:06:30] [REI-ReloadPlugins/INFO]: [REI]  - (0.00) GTREIPlugin of GTREIPlugin [gtceu]
[12:06:30] [REI-ReloadPlugins/INFO]: [REI]  - (0.00) FTBQuestsREIIntegrationForge of FTBQuestsREIIntegrationForge [ftbxmodcompat]
[12:06:30] [REI-ReloadPlugins/INFO]: [REI]  - (0.00) ExtendedAE of ExtendedAE [expatternprovider]
[12:06:30] [REI-ReloadPlugins/INFO]: [REI]  - (0.00) FramedReiPlugin of FramedReiPlugin [framedblocks]
[12:06:30] [REI-ReloadPlugins/INFO]: [REI]  - (0.00) REIPluginImpl of REIPluginImpl [ldlib]
[12:06:30] [REI-ReloadPlugins/INFO]: [REI]  - (0.00) REI Plugin Compatibilities Client Handler of REI Plugin Compatibilities Client Handler [rei_plugin_compatibilities, jei]
[12:06:30] [REI-ReloadPlugins/INFO]: [REI]  - (0.00) ReiIntegratedTerminalsConfig of ReiIntegratedTerminalsConfig [integratedterminals, integratedterminalscompat]
[12:06:30] [REI-ReloadPlugins/INFO]: [REI]  - (0.00) ReiClientPlugin of ReiClientPlugin [craftingstation]
[12:06:30] [REI-ReloadPlugins/INFO]: [REI]  - (0.00) ReiPlugin of ReiPlugin [craftingstation]
[12:06:30] [REI-ReloadPlugins/INFO]: [REI]  - (0.00) REIForgePluginStub of REIForgePluginStub [ftblibrary]
[12:06:30] [REI-ReloadPlugins/INFO]: [REI]  - (0.00) AE2 of AE2 [ae2]
[12:06:30] [REI-ReloadPlugins/INFO]: [REI]  - (10000000.00) REIForgePluginStub of REIForgePluginStub [kubejs]
[12:06:30] [REI-ReloadPlugins/INFO]: [REI] ########################################
[12:06:30] [REI-ReloadPlugins/INFO]: [REI] ########################################
[12:06:30] [REI-ReloadPlugins/INFO]: [REI] REIClientPlugin starting main-reload for START.
[12:06:30] [REI-ReloadPlugins/INFO]: [REI] Plugins (45):
[12:06:30] [REI-ReloadPlugins/INFO]: [REI]  - (-100.00) DefaultClientPluginImpl of DefaultClientPluginImpl [roughlyenoughitems]
[12:06:30] [REI-ReloadPlugins/INFO]: [REI]  - (0.00) JEI Plugin [CreateAdditionJEI:createaddition:jei_plugin] of REI Plugin Compatibilities Adapter [rei_plugin_compatibilities, jei]
[12:06:30] [REI-ReloadPlugins/INFO]: [REI]  - (0.00) JEI Plugin [AMJEIPlugin:appmek:jei] of REI Plugin Compatibilities Adapter [rei_plugin_compatibilities, jei]
[12:06:30] [REI-ReloadPlugins/INFO]: [REI]  - (0.00) JEI Plugin [JEIIntegratedDynamicsConfig:integrateddynamicscompat:main] of REI Plugin Compatibilities Adapter [rei_plugin_compatibilities, jei]
[12:06:30] [REI-ReloadPlugins/INFO]: [REI]  - (0.00) JEI Plugin [CreateJEI:create:jei_plugin] of REI Plugin Compatibilities Adapter [rei_plugin_compatibilities, jei]
[12:06:30] [REI-ReloadPlugins/INFO]: [REI]  - (0.00) JEI Plugin [GTJEIPlugin:gtceu:jei_plugin] of REI Plugin Compatibilities Adapter [rei_plugin_compatibilities, jei]
[12:06:30] [REI-ReloadPlugins/INFO]: [REI]  - (0.00) JEI Plugin [FTBQuestsJEIIntegration:ftbxmodcompat:ftbquests_jei] of REI Plugin Compatibilities Adapter [rei_plugin_compatibilities, jei]
[12:06:30] [REI-ReloadPlugins/INFO]: [REI]  - (0.00) JEI Plugin [JEIPlugin:kubejs:jei] of REI Plugin Compatibilities Adapter [rei_plugin_compatibilities, jei]
[12:06:30] [REI-ReloadPlugins/INFO]: [REI]  - (0.00) JEI Plugin [JEIPlugin:expatternprovider:jei_plugin] of REI Plugin Compatibilities Adapter [rei_plugin_compatibilities, jei]
[12:06:30] [REI-ReloadPlugins/INFO]: [REI]  - (0.00) JEI Plugin [JEIPlugin:ae2:core] of REI Plugin Compatibilities Adapter [rei_plugin_compatibilities, jei]
[12:06:30] [REI-ReloadPlugins/INFO]: [REI]  - (0.00) JEI Plugin [JEICompat:jade:main] of REI Plugin Compatibilities Adapter [rei_plugin_compatibilities, jei]
[12:06:30] [REI-ReloadPlugins/INFO]: [REI]  - (0.00) JEI Plugin [RFToolsUtilityJeiPlugin:rftoolsutility:rftoolsutility] of REI Plugin Compatibilities Adapter [rei_plugin_compatibilities, jei]
[12:06:30] [REI-ReloadPlugins/INFO]: [REI]  - (0.00) JEI Plugin [RFToolsControlJeiPlugin:rftoolscontrol:rftoolscontrol] of REI Plugin Compatibilities Adapter [rei_plugin_compatibilities, jei]
[12:06:30] [REI-ReloadPlugins/INFO]: [REI]  - (0.00) JEI Plugin [RFToolsStorageJeiPlugin:rftoolsstorage:rftoolsstorage] of REI Plugin Compatibilities Adapter [rei_plugin_compatibilities, jei]
[12:06:30] [REI-ReloadPlugins/INFO]: [REI]  - (0.00) JEI Plugin [JeiCompat:mcjtylib:xnet] of REI Plugin Compatibilities Adapter [rei_plugin_compatibilities, jei]
[12:06:30] [REI-ReloadPlugins/INFO]: [REI]  - (0.00) JEI Plugin [RFToolsBaseJeiPlugin:rftoolsbase:rftoolsbase] of REI Plugin Compatibilities Adapter [rei_plugin_compatibilities, jei]
[12:06:30] [REI-ReloadPlugins/INFO]: [REI]  - (0.00) JEI Plugin [JeiCompatibility:mcjtylib:mcjtylib] of REI Plugin Compatibilities Adapter [rei_plugin_compatibilities, jei]
[12:06:30] [REI-ReloadPlugins/INFO]: [REI]  - (0.00) JEI Plugin [ToolsJEI:mekanismtools:jei_plugin] of REI Plugin Compatibilities Adapter [rei_plugin_compatibilities, jei]
[12:06:30] [REI-ReloadPlugins/INFO]: [REI]  - (0.00) JEI Plugin [GeneratorsJEI:mekanismgenerators:jei_plugin] of REI Plugin Compatibilities Adapter [rei_plugin_compatibilities, jei]
[12:06:30] [REI-ReloadPlugins/INFO]: [REI]  - (0.00) JEI Plugin [MekanismJEI:mekanism:jei_plugin] of REI Plugin Compatibilities Adapter [rei_plugin_compatibilities, jei]
[12:06:30] [REI-ReloadPlugins/INFO]: [REI]  - (0.00) JEI Plugin [JeiClientPlugin:minecraft:craftingstation] of REI Plugin Compatibilities Adapter [rei_plugin_compatibilities, jei]
[12:06:30] [REI-ReloadPlugins/INFO]: [REI]  - (0.00) JEI Plugin [JEIIntegration:ftblibrary:jei] of REI Plugin Compatibilities Adapter [rei_plugin_compatibilities, jei]
[12:06:30] [REI-ReloadPlugins/INFO]: [REI]  - (0.00) JEI Plugin [PolyJEIPlugin:polylib:jei_plugin] of REI Plugin Compatibilities Adapter [rei_plugin_compatibilities, jei]
[12:06:30] [REI-ReloadPlugins/INFO]: [REI]  - (0.00) JEI Plugin [CuriosJeiPlugin:curios:curios] of REI Plugin Compatibilities Adapter [rei_plugin_compatibilities, jei]
[12:06:30] [REI-ReloadPlugins/INFO]: [REI]  - (0.00) JEI Plugin [JEIConfig:minecraft:jeresources] of REI Plugin Compatibilities Adapter [rei_plugin_compatibilities, jei]
[12:06:30] [REI-ReloadPlugins/INFO]: [REI]  - (0.00) JEI Plugin [JEIPlugin:ldlib:jei_plugin] of REI Plugin Compatibilities Adapter [rei_plugin_compatibilities, jei]
[12:06:30] [REI-ReloadPlugins/INFO]: [REI]  - (0.00) JEI Plugin [SBPPlugin:sophisticatedbackpacks:default] of REI Plugin Compatibilities Adapter [rei_plugin_compatibilities, jei]
[12:06:30] [REI-ReloadPlugins/INFO]: [REI]  - (0.00) JEI Plugin [JEIRuntimeCapturer:modernfix:capturer] of REI Plugin Compatibilities Adapter [rei_plugin_compatibilities, jei]
[12:06:30] [REI-ReloadPlugins/INFO]: [REI]  - (0.00) JEI Plugin [CorePlugin:sophisticatedcore:default] of REI Plugin Compatibilities Adapter [rei_plugin_compatibilities, jei]
[12:06:30] [REI-ReloadPlugins/INFO]: [REI]  - (0.00) JEI Plugin [JEIPlugin:architects_palette:jei_plugin] of REI Plugin Compatibilities Adapter [rei_plugin_compatibilities, jei]
[12:06:30] [REI-ReloadPlugins/INFO]: [REI]  - (0.00) JEI Plugin [JEIIntegratedTerminalsConfig:integratedterminalscompat:main] of REI Plugin Compatibilities Adapter [rei_plugin_compatibilities, jei]
[12:06:30] [REI-ReloadPlugins/INFO]: [REI]  - (0.00) ReiIntegratedDynamicsConfig of ReiIntegratedDynamicsConfig [integrateddynamics, integrateddynamicscompat]
[12:06:30] [REI-ReloadPlugins/INFO]: [REI]  - (0.00) GTREIPlugin of GTREIPlugin [gtceu]
[12:06:30] [REI-ReloadPlugins/INFO]: [REI]  - (0.00) FTBQuestsREIIntegrationForge of FTBQuestsREIIntegrationForge [ftbxmodcompat]
[12:06:30] [REI-ReloadPlugins/INFO]: [REI]  - (0.00) ExtendedAE of ExtendedAE [expatternprovider]
[12:06:30] [REI-ReloadPlugins/INFO]: [REI]  - (0.00) FramedReiPlugin of FramedReiPlugin [framedblocks]
[12:06:30] [REI-ReloadPlugins/INFO]: [REI]  - (0.00) REIPluginImpl of REIPluginImpl [ldlib]
[12:06:30] [REI-ReloadPlugins/INFO]: [REI]  - (0.00) REI Plugin Compatibilities Client Handler of REI Plugin Compatibilities Client Handler [rei_plugin_compatibilities, jei]
[12:06:30] [REI-ReloadPlugins/INFO]: [REI]  - (0.00) ReiIntegratedTerminalsConfig of ReiIntegratedTerminalsConfig [integratedterminals, integratedterminalscompat]
[12:06:30] [REI-ReloadPlugins/INFO]: [REI]  - (0.00) ReiClientPlugin of ReiClientPlugin [craftingstation]
[12:06:30] [REI-ReloadPlugins/INFO]: [REI]  - (0.00) REIForgePluginStub of REIForgePluginStub [ftblibrary]
[12:06:30] [REI-ReloadPlugins/INFO]: [REI]  - (0.00) AE2 of AE2 [ae2]
[12:06:30] [REI-ReloadPlugins/INFO]: [REI]  - (0.00) HideIngredientsFromTagsPlugin of HideIngredientsFromTagsPlugin [roughlyenoughitems]
[12:06:30] [REI-ReloadPlugins/INFO]: [REI]  - (0.00) DefaultClientRuntimePlugin of DefaultClientRuntimePlugin [roughlyenoughitems]
[12:06:30] [REI-ReloadPlugins/INFO]: [REI]  - (10000000.00) REIForgePluginStub of REIForgePluginStub [kubejs]
[12:06:30] [REI-ReloadPlugins/INFO]: [REI] ########################################
[12:06:31] [REI-ReloadPlugins/WARN]: [REI] Forcing plugin JEI Plugin [JEIConfig:minecraft:jeresources] of REI Plugin Compatibilities Adapter [rei_plugin_compatibilities, jei] to run on the main thread for reloadable-plugin/DisplayRegistryImpl/! This is extremely dangerous, and have large performance implications.
[12:06:31] [Render thread/INFO]: Loading FTB Chunks client data from world 8ba0f6a9-ee0f-471e-b826-4dd0abdb5a2c
[12:06:31] [Render thread/INFO]: Received config from the server: 
[12:06:33] [REI-Cache-0/ERROR]: Exception caught during firing event: Cannot invoke "net.minecraft.world.level.block.state.BlockState.m_60734_()" because the return value of "net.minecraft.world.level.block.entity.BlockEntity.m_58900_()" is null
	Index: 1
	Listeners:
		0: NORMAL
		1: net.minecraftforge.eventbus.EventBus$$Lambda$1624/0x0000000800814b08@7c9a899
		2: net.minecraftforge.eventbus.EventBus$$Lambda$1624/0x0000000800814b08@7e50b2ab
		3: net.minecraftforge.eventbus.EventBus$$Lambda$1624/0x0000000800814b08@2ce378a8
		4: ASM: org.cyclops.cyclopscore.modcompat.capabilities.CapabilityConstructorRegistry$TileEventListener@529e9634 onTileLoad(Lnet/minecraftforge/event/AttachCapabilitiesEvent;)V
		5: ASM: class net.xalcon.torchmaster.common.logic.entityblocking.EntityBlockingEventHandler onWorldAttachCapabilityEvent(Lnet/minecraftforge/event/AttachCapabilitiesEvent;)V
		6: ASM: org.cyclops.cyclopscore.modcompat.capabilities.CapabilityConstructorRegistry$ItemStackEventListener@6aab0c6b onItemStackLoad(Lnet/minecraftforge/event/AttachCapabilitiesEvent;)V
		7: ASM: org.cyclops.cyclopscore.modcompat.capabilities.CapabilityConstructorRegistry$EntityEventListener@16e0e23e onEntityLoad(Lnet/minecraftforge/event/AttachCapabilitiesEvent;)V
		8: ASM: fuzs.puzzleslib.impl.capability.ForgeCapabilityController@6ed4f6f3 onAttachCapabilities(Lnet/minecraftforge/event/AttachCapabilitiesEvent;)V
		9: ASM: class net.creeperhost.polylib.forge.ForgeEvents attachItemCapabilities(Lnet/minecraftforge/event/AttachCapabilitiesEvent;)V
		10: ASM: class net.creeperhost.polylib.forge.ForgeEvents OnAttachCapabilitiesEvent(Lnet/minecraftforge/event/AttachCapabilitiesEvent;)V
		11: net.minecraftforge.eventbus.EventBus$$Lambda$1624/0x0000000800814b08@241c257e
		12: ASM: com.epimorphismmc.monomorphism.capability.CapabilityHandler@73fac9c9 addCapabilitiesRaw(Lnet/minecraftforge/event/AttachCapabilitiesEvent;)V
		13: ASM: class com.gregtechceu.gtceu.forge.ForgeCommonEventListener attachCapabilities(Lnet/minecraftforge/event/AttachCapabilitiesEvent;)V
		14: ASM: class com.gregtechceu.gtceu.forge.ForgeCommonEventListener registerItemStackCapabilities(Lnet/minecraftforge/event/AttachCapabilitiesEvent;)V
		15: ASM: class com.gregtechceu.gtceu.forge.ForgeCommonEventListener registerEntityCapabilities(Lnet/minecraftforge/event/AttachCapabilitiesEvent;)V
		16: net.minecraftforge.eventbus.EventBus$$Lambda$1624/0x0000000800814b08@6edbdc04
		17: net.minecraftforge.eventbus.EventBus$$Lambda$1624/0x0000000800814b08@1565ee9e
		18: ASM: class com.simibubi.create.foundation.events.CommonEvents attachCapabilities(Lnet/minecraftforge/event/AttachCapabilitiesEvent;)V
		19: ASM: mekanism.common.CommonPlayerTracker@1cac5cde attachCaps(Lnet/minecraftforge/event/AttachCapabilitiesEvent;)V
		20: ASM: top.theillusivec4.curios.common.event.CuriosEventHandler@55be015b attachEntitiesCapabilities(Lnet/minecraftforge/event/AttachCapabilitiesEvent;)V
		21: ASM: top.theillusivec4.curios.common.event.CuriosEventHandler@55be015b attachStackCapabilities(Lnet/minecraftforge/event/AttachCapabilitiesEvent;)V
		22: net.minecraftforge.eventbus.EventBus$$Lambda$1624/0x0000000800814b08@22f4e2a2
		23: ASM: mcjty.rftoolsutility.setup.ForgeEventHandlers@69eb97b2 onEntityConstructing(Lnet/minecraftforge/event/AttachCapabilitiesEvent;)V
		24: ASM: org.cyclops.cyclopscore.modcompat.capabilities.CapabilityConstructorRegistry$TileEventListener@2ecb43a9 onTileLoad(Lnet/minecraftforge/event/AttachCapabilitiesEvent;)V
		25: ASM: dev.gigaherz.toolbelt.slot.BeltExtensionSlot$AttachHandlers@5fdc290 attachCapabilities(Lnet/minecraftforge/event/AttachCapabilitiesEvent;)V
		26: ASM: mcjty.lib.setup.ModSetup$EventHandler@51ff5832 onEntityConstructing(Lnet/minecraftforge/event/AttachCapabilitiesEvent;)V
		27: ASM: com.illusivesoulworks.polymorph.common.CommonEventsListener@398abd11 attachCapabilities(Lnet/minecraftforge/event/AttachCapabilitiesEvent;)V
		28: ASM: com.illusivesoulworks.polymorph.common.CommonEventsListener@398abd11 attachCapabilitiesStack(Lnet/minecraftforge/event/AttachCapabilitiesEvent;)V
		29: ASM: com.illusivesoulworks.polymorph.common.CommonEventsListener@398abd11 attachCapabilitiesPlayer(Lnet/minecraftforge/event/AttachCapabilitiesEvent;)V
java.lang.NullPointerException: Cannot invoke "net.minecraft.world.level.block.state.BlockState.m_60734_()" because the return value of "net.minecraft.world.level.block.entity.BlockEntity.m_58900_()" is null
	at TRANSFORMER/botarium@2.3.4/earth.terrarium.botarium.forge.BotariumForge.attachBlockCapabilities(BotariumForge.java:55)
	at MC-BOOTSTRAP/net.minecraftforge.eventbus/net.minecraftforge.eventbus.EventBus.doCastFilter(EventBus.java:260)
	at MC-BOOTSTRAP/net.minecraftforge.eventbus/net.minecraftforge.eventbus.EventBus.lambda$addListener$11(EventBus.java:252)
	at MC-BOOTSTRAP/net.minecraftforge.eventbus/net.minecraftforge.eventbus.EventBus.post(EventBus.java:315)
	at MC-BOOTSTRAP/net.minecraftforge.eventbus/net.minecraftforge.eventbus.EventBus.post(EventBus.java:296)
	at TRANSFORMER/forge@47.3.10/net.minecraftforge.event.ForgeEventFactory.gatherCapabilities(ForgeEventFactory.java:623)
	at TRANSFORMER/forge@47.3.10/net.minecraftforge.event.ForgeEventFactory.gatherCapabilities(ForgeEventFactory.java:617)
	at TRANSFORMER/forge@47.3.10/net.minecraftforge.common.capabilities.CapabilityProvider.doGatherCapabilities(CapabilityProvider.java:72)
	at TRANSFORMER/forge@47.3.10/net.minecraftforge.common.capabilities.CapabilityProvider.gatherCapabilities(CapabilityProvider.java:67)
	at TRANSFORMER/forge@47.3.10/net.minecraftforge.common.capabilities.CapabilityProvider.gatherCapabilities(CapabilityProvider.java:51)
	at TRANSFORMER/minecraft@1.20.1/net.minecraft.world.level.block.entity.BlockEntity.<init>(BlockEntity.java:33)
	at TRANSFORMER/mtr@1.20.1-3.2.2-hotfix-2/mtr.mappings.BlockEntityMapper.<init>(BlockEntityMapper.java:12)
	at TRANSFORMER/mtr@1.20.1-3.2.2-hotfix-2/mtr.mappings.BlockEntityClientSerializableMapper.<init>(BlockEntityClientSerializableMapper.java:15)
	at TRANSFORMER/mtr@1.20.1-3.2.2-hotfix-2/mtr.data.IPIDS$TileEntityPIDS.<init>(IPIDS.java:31)
	at TRANSFORMER/mtr@1.20.1-3.2.2-hotfix-2/mtr.block.BlockPIDSBaseHorizontal$TileEntityBlockPIDSBaseHorizontal.<init>(BlockPIDSBaseHorizontal.java:110)
	at TRANSFORMER/mtr@1.20.1-3.2.2-hotfix-2/mtr.block.BlockPIDS1$TileEntityBlockPIDS1.<init>(BlockPIDS1.java:32)
	at TRANSFORMER/mtr@1.20.1-3.2.2-hotfix-2/mtr.block.BlockPIDS1.createBlockEntity(BlockPIDS1.java:23)
	at TRANSFORMER/mtr@1.20.1-3.2.2-hotfix-2/mtr.block.BlockPIDSBaseHorizontal.m_5871_(BlockPIDSBaseHorizontal.java:96)
	at TRANSFORMER/minecraft@1.20.1/net.minecraft.world.item.BlockItem.m_7373_(BlockItem.java:200)
	at TRANSFORMER/minecraft@1.20.1/net.minecraft.world.item.ItemStack.m_41651_(ItemStack.java:631)
	at TRANSFORMER/roughlyenoughitems@12.1.785/me.shedaniel.rei.plugin.client.entry.ItemEntryDefinition.tryGetItemStackToolTip(ItemEntryDefinition.java:231)
	at TRANSFORMER/roughlyenoughitems@12.1.785/me.shedaniel.rei.plugin.client.entry.ItemEntryDefinition$ItemEntryRenderer.getTooltip(ItemEntryDefinition.java:369)
	at TRANSFORMER/roughlyenoughitems@12.1.785/me.shedaniel.rei.impl.common.entry.AbstractEntryStack.getTooltip(AbstractEntryStack.java:195)
	at TRANSFORMER/roughlyenoughitems@12.1.785/me.shedaniel.rei.impl.client.search.argument.type.TooltipArgumentType.tryGetEntryStackTooltip(TooltipArgumentType.java:90)
	at TRANSFORMER/roughlyenoughitems@12.1.785/me.shedaniel.rei.impl.client.search.argument.type.TooltipArgumentType.cacheData(TooltipArgumentType.java:75)
	at TRANSFORMER/roughlyenoughitems@12.1.785/me.shedaniel.rei.impl.client.search.argument.type.TooltipArgumentType.cacheData(TooltipArgumentType.java:45)
	at TRANSFORMER/roughlyenoughitems@12.1.785/me.shedaniel.rei.impl.client.search.argument.ArgumentCache.cacheStacks(ArgumentCache.java:138)
	at TRANSFORMER/roughlyenoughitems@12.1.785/me.shedaniel.rei.impl.client.search.argument.ArgumentCache.lambda$cache$1(ArgumentCache.java:110)
	at java.base/java.util.concurrent.CompletableFuture$AsyncSupply.run(CompletableFuture.java:1768)
	at java.base/java.util.concurrent.CompletableFuture$AsyncSupply.exec(CompletableFuture.java:1760)
	at java.base/java.util.concurrent.ForkJoinTask.doExec(ForkJoinTask.java:373)
	at java.base/java.util.concurrent.ForkJoinPool$WorkQueue.topLevelExec(ForkJoinPool.java:1182)
	at java.base/java.util.concurrent.ForkJoinPool.scan(ForkJoinPool.java:1655)
	at java.base/java.util.concurrent.ForkJoinPool.runWorker(ForkJoinPool.java:1622)
	at java.base/java.util.concurrent.ForkJoinWorkerThread.run(ForkJoinWorkerThread.java:165)

[12:06:33] [REI-Cache-0/ERROR]: Exception caught during firing event: Cannot invoke "net.minecraft.world.level.block.state.BlockState.m_60734_()" because the return value of "net.minecraft.world.level.block.entity.BlockEntity.m_58900_()" is null
	Index: 1
	Listeners:
		0: NORMAL
		1: net.minecraftforge.eventbus.EventBus$$Lambda$1624/0x0000000800814b08@7c9a899
		2: net.minecraftforge.eventbus.EventBus$$Lambda$1624/0x0000000800814b08@7e50b2ab
		3: net.minecraftforge.eventbus.EventBus$$Lambda$1624/0x0000000800814b08@2ce378a8
		4: ASM: org.cyclops.cyclopscore.modcompat.capabilities.CapabilityConstructorRegistry$TileEventListener@529e9634 onTileLoad(Lnet/minecraftforge/event/AttachCapabilitiesEvent;)V
		5: ASM: class net.xalcon.torchmaster.common.logic.entityblocking.EntityBlockingEventHandler onWorldAttachCapabilityEvent(Lnet/minecraftforge/event/AttachCapabilitiesEvent;)V
		6: ASM: org.cyclops.cyclopscore.modcompat.capabilities.CapabilityConstructorRegistry$ItemStackEventListener@6aab0c6b onItemStackLoad(Lnet/minecraftforge/event/AttachCapabilitiesEvent;)V
		7: ASM: org.cyclops.cyclopscore.modcompat.capabilities.CapabilityConstructorRegistry$EntityEventListener@16e0e23e onEntityLoad(Lnet/minecraftforge/event/AttachCapabilitiesEvent;)V
		8: ASM: fuzs.puzzleslib.impl.capability.ForgeCapabilityController@6ed4f6f3 onAttachCapabilities(Lnet/minecraftforge/event/AttachCapabilitiesEvent;)V
		9: ASM: class net.creeperhost.polylib.forge.ForgeEvents attachItemCapabilities(Lnet/minecraftforge/event/AttachCapabilitiesEvent;)V
		10: ASM: class net.creeperhost.polylib.forge.ForgeEvents OnAttachCapabilitiesEvent(Lnet/minecraftforge/event/AttachCapabilitiesEvent;)V
		11: net.minecraftforge.eventbus.EventBus$$Lambda$1624/0x0000000800814b08@241c257e
		12: ASM: com.epimorphismmc.monomorphism.capability.CapabilityHandler@73fac9c9 addCapabilitiesRaw(Lnet/minecraftforge/event/AttachCapabilitiesEvent;)V
		13: ASM: class com.gregtechceu.gtceu.forge.ForgeCommonEventListener attachCapabilities(Lnet/minecraftforge/event/AttachCapabilitiesEvent;)V
		14: ASM: class com.gregtechceu.gtceu.forge.ForgeCommonEventListener registerItemStackCapabilities(Lnet/minecraftforge/event/AttachCapabilitiesEvent;)V
		15: ASM: class com.gregtechceu.gtceu.forge.ForgeCommonEventListener registerEntityCapabilities(Lnet/minecraftforge/event/AttachCapabilitiesEvent;)V
		16: net.minecraftforge.eventbus.EventBus$$Lambda$1624/0x0000000800814b08@6edbdc04
		17: net.minecraftforge.eventbus.EventBus$$Lambda$1624/0x0000000800814b08@1565ee9e
		18: ASM: class com.simibubi.create.foundation.events.CommonEvents attachCapabilities(Lnet/minecraftforge/event/AttachCapabilitiesEvent;)V
		19: ASM: mekanism.common.CommonPlayerTracker@1cac5cde attachCaps(Lnet/minecraftforge/event/AttachCapabilitiesEvent;)V
		20: ASM: top.theillusivec4.curios.common.event.CuriosEventHandler@55be015b attachEntitiesCapabilities(Lnet/minecraftforge/event/AttachCapabilitiesEvent;)V
		21: ASM: top.theillusivec4.curios.common.event.CuriosEventHandler@55be015b attachStackCapabilities(Lnet/minecraftforge/event/AttachCapabilitiesEvent;)V
		22: net.minecraftforge.eventbus.EventBus$$Lambda$1624/0x0000000800814b08@22f4e2a2
		23: ASM: mcjty.rftoolsutility.setup.ForgeEventHandlers@69eb97b2 onEntityConstructing(Lnet/minecraftforge/event/AttachCapabilitiesEvent;)V
		24: ASM: org.cyclops.cyclopscore.modcompat.capabilities.CapabilityConstructorRegistry$TileEventListener@2ecb43a9 onTileLoad(Lnet/minecraftforge/event/AttachCapabilitiesEvent;)V
		25: ASM: dev.gigaherz.toolbelt.slot.BeltExtensionSlot$AttachHandlers@5fdc290 attachCapabilities(Lnet/minecraftforge/event/AttachCapabilitiesEvent;)V
		26: ASM: mcjty.lib.setup.ModSetup$EventHandler@51ff5832 onEntityConstructing(Lnet/minecraftforge/event/AttachCapabilitiesEvent;)V
		27: ASM: com.illusivesoulworks.polymorph.common.CommonEventsListener@398abd11 attachCapabilities(Lnet/minecraftforge/event/AttachCapabilitiesEvent;)V
		28: ASM: com.illusivesoulworks.polymorph.common.CommonEventsListener@398abd11 attachCapabilitiesStack(Lnet/minecraftforge/event/AttachCapabilitiesEvent;)V
		29: ASM: com.illusivesoulworks.polymorph.common.CommonEventsListener@398abd11 attachCapabilitiesPlayer(Lnet/minecraftforge/event/AttachCapabilitiesEvent;)V
java.lang.NullPointerException: Cannot invoke "net.minecraft.world.level.block.state.BlockState.m_60734_()" because the return value of "net.minecraft.world.level.block.entity.BlockEntity.m_58900_()" is null
	at TRANSFORMER/botarium@2.3.4/earth.terrarium.botarium.forge.BotariumForge.attachBlockCapabilities(BotariumForge.java:55)
	at MC-BOOTSTRAP/net.minecraftforge.eventbus/net.minecraftforge.eventbus.EventBus.doCastFilter(EventBus.java:260)
	at MC-BOOTSTRAP/net.minecraftforge.eventbus/net.minecraftforge.eventbus.EventBus.lambda$addListener$11(EventBus.java:252)
	at MC-BOOTSTRAP/net.minecraftforge.eventbus/net.minecraftforge.eventbus.EventBus.post(EventBus.java:315)
	at MC-BOOTSTRAP/net.minecraftforge.eventbus/net.minecraftforge.eventbus.EventBus.post(EventBus.java:296)
	at TRANSFORMER/forge@47.3.10/net.minecraftforge.event.ForgeEventFactory.gatherCapabilities(ForgeEventFactory.java:623)
	at TRANSFORMER/forge@47.3.10/net.minecraftforge.event.ForgeEventFactory.gatherCapabilities(ForgeEventFactory.java:617)
	at TRANSFORMER/forge@47.3.10/net.minecraftforge.common.capabilities.CapabilityProvider.doGatherCapabilities(CapabilityProvider.java:72)
	at TRANSFORMER/forge@47.3.10/net.minecraftforge.common.capabilities.CapabilityProvider.gatherCapabilities(CapabilityProvider.java:67)
	at TRANSFORMER/forge@47.3.10/net.minecraftforge.common.capabilities.CapabilityProvider.gatherCapabilities(CapabilityProvider.java:51)
	at TRANSFORMER/minecraft@1.20.1/net.minecraft.world.level.block.entity.BlockEntity.<init>(BlockEntity.java:33)
	at TRANSFORMER/mtr@1.20.1-3.2.2-hotfix-2/mtr.mappings.BlockEntityMapper.<init>(BlockEntityMapper.java:12)
	at TRANSFORMER/mtr@1.20.1-3.2.2-hotfix-2/mtr.mappings.BlockEntityClientSerializableMapper.<init>(BlockEntityClientSerializableMapper.java:15)
	at TRANSFORMER/mtr@1.20.1-3.2.2-hotfix-2/mtr.data.IPIDS$TileEntityPIDS.<init>(IPIDS.java:31)
	at TRANSFORMER/mtr@1.20.1-3.2.2-hotfix-2/mtr.block.BlockPIDSBaseHorizontal$TileEntityBlockPIDSBaseHorizontal.<init>(BlockPIDSBaseHorizontal.java:110)
	at TRANSFORMER/mtr@1.20.1-3.2.2-hotfix-2/mtr.block.BlockPIDS2$TileEntityBlockPIDS2.<init>(BlockPIDS2.java:32)
	at TRANSFORMER/mtr@1.20.1-3.2.2-hotfix-2/mtr.block.BlockPIDS2.createBlockEntity(BlockPIDS2.java:23)
	at TRANSFORMER/mtr@1.20.1-3.2.2-hotfix-2/mtr.block.BlockPIDSBaseHorizontal.m_5871_(BlockPIDSBaseHorizontal.java:96)
	at TRANSFORMER/minecraft@1.20.1/net.minecraft.world.item.BlockItem.m_7373_(BlockItem.java:200)
	at TRANSFORMER/minecraft@1.20.1/net.minecraft.world.item.ItemStack.m_41651_(ItemStack.java:631)
	at TRANSFORMER/roughlyenoughitems@12.1.785/me.shedaniel.rei.plugin.client.entry.ItemEntryDefinition.tryGetItemStackToolTip(ItemEntryDefinition.java:231)
	at TRANSFORMER/roughlyenoughitems@12.1.785/me.shedaniel.rei.plugin.client.entry.ItemEntryDefinition$ItemEntryRenderer.getTooltip(ItemEntryDefinition.java:369)
	at TRANSFORMER/roughlyenoughitems@12.1.785/me.shedaniel.rei.impl.common.entry.AbstractEntryStack.getTooltip(AbstractEntryStack.java:195)
	at TRANSFORMER/roughlyenoughitems@12.1.785/me.shedaniel.rei.impl.client.search.argument.type.TooltipArgumentType.tryGetEntryStackTooltip(TooltipArgumentType.java:90)
	at TRANSFORMER/roughlyenoughitems@12.1.785/me.shedaniel.rei.impl.client.search.argument.type.TooltipArgumentType.cacheData(TooltipArgumentType.java:75)
	at TRANSFORMER/roughlyenoughitems@12.1.785/me.shedaniel.rei.impl.client.search.argument.type.TooltipArgumentType.cacheData(TooltipArgumentType.java:45)
	at TRANSFORMER/roughlyenoughitems@12.1.785/me.shedaniel.rei.impl.client.search.argument.ArgumentCache.cacheStacks(ArgumentCache.java:138)
	at TRANSFORMER/roughlyenoughitems@12.1.785/me.shedaniel.rei.impl.client.search.argument.ArgumentCache.lambda$cache$1(ArgumentCache.java:110)
	at java.base/java.util.concurrent.CompletableFuture$AsyncSupply.run(CompletableFuture.java:1768)
	at java.base/java.util.concurrent.CompletableFuture$AsyncSupply.exec(CompletableFuture.java:1760)
	at java.base/java.util.concurrent.ForkJoinTask.doExec(ForkJoinTask.java:373)
	at java.base/java.util.concurrent.ForkJoinPool$WorkQueue.topLevelExec(ForkJoinPool.java:1182)
	at java.base/java.util.concurrent.ForkJoinPool.scan(ForkJoinPool.java:1655)
	at java.base/java.util.concurrent.ForkJoinPool.runWorker(ForkJoinPool.java:1622)
	at java.base/java.util.concurrent.ForkJoinWorkerThread.run(ForkJoinWorkerThread.java:165)

[12:06:33] [REI-Cache-0/ERROR]: Exception caught during firing event: Cannot invoke "net.minecraft.world.level.block.state.BlockState.m_60734_()" because the return value of "net.minecraft.world.level.block.entity.BlockEntity.m_58900_()" is null
	Index: 1
	Listeners:
		0: NORMAL
		1: net.minecraftforge.eventbus.EventBus$$Lambda$1624/0x0000000800814b08@7c9a899
		2: net.minecraftforge.eventbus.EventBus$$Lambda$1624/0x0000000800814b08@7e50b2ab
		3: net.minecraftforge.eventbus.EventBus$$Lambda$1624/0x0000000800814b08@2ce378a8
		4: ASM: org.cyclops.cyclopscore.modcompat.capabilities.CapabilityConstructorRegistry$TileEventListener@529e9634 onTileLoad(Lnet/minecraftforge/event/AttachCapabilitiesEvent;)V
		5: ASM: class net.xalcon.torchmaster.common.logic.entityblocking.EntityBlockingEventHandler onWorldAttachCapabilityEvent(Lnet/minecraftforge/event/AttachCapabilitiesEvent;)V
		6: ASM: org.cyclops.cyclopscore.modcompat.capabilities.CapabilityConstructorRegistry$ItemStackEventListener@6aab0c6b onItemStackLoad(Lnet/minecraftforge/event/AttachCapabilitiesEvent;)V
		7: ASM: org.cyclops.cyclopscore.modcompat.capabilities.CapabilityConstructorRegistry$EntityEventListener@16e0e23e onEntityLoad(Lnet/minecraftforge/event/AttachCapabilitiesEvent;)V
		8: ASM: fuzs.puzzleslib.impl.capability.ForgeCapabilityController@6ed4f6f3 onAttachCapabilities(Lnet/minecraftforge/event/AttachCapabilitiesEvent;)V
		9: ASM: class net.creeperhost.polylib.forge.ForgeEvents attachItemCapabilities(Lnet/minecraftforge/event/AttachCapabilitiesEvent;)V
		10: ASM: class net.creeperhost.polylib.forge.ForgeEvents OnAttachCapabilitiesEvent(Lnet/minecraftforge/event/AttachCapabilitiesEvent;)V
		11: net.minecraftforge.eventbus.EventBus$$Lambda$1624/0x0000000800814b08@241c257e
		12: ASM: com.epimorphismmc.monomorphism.capability.CapabilityHandler@73fac9c9 addCapabilitiesRaw(Lnet/minecraftforge/event/AttachCapabilitiesEvent;)V
		13: ASM: class com.gregtechceu.gtceu.forge.ForgeCommonEventListener attachCapabilities(Lnet/minecraftforge/event/AttachCapabilitiesEvent;)V
		14: ASM: class com.gregtechceu.gtceu.forge.ForgeCommonEventListener registerItemStackCapabilities(Lnet/minecraftforge/event/AttachCapabilitiesEvent;)V
		15: ASM: class com.gregtechceu.gtceu.forge.ForgeCommonEventListener registerEntityCapabilities(Lnet/minecraftforge/event/AttachCapabilitiesEvent;)V
		16: net.minecraftforge.eventbus.EventBus$$Lambda$1624/0x0000000800814b08@6edbdc04
		17: net.minecraftforge.eventbus.EventBus$$Lambda$1624/0x0000000800814b08@1565ee9e
		18: ASM: class com.simibubi.create.foundation.events.CommonEvents attachCapabilities(Lnet/minecraftforge/event/AttachCapabilitiesEvent;)V
		19: ASM: mekanism.common.CommonPlayerTracker@1cac5cde attachCaps(Lnet/minecraftforge/event/AttachCapabilitiesEvent;)V
		20: ASM: top.theillusivec4.curios.common.event.CuriosEventHandler@55be015b attachEntitiesCapabilities(Lnet/minecraftforge/event/AttachCapabilitiesEvent;)V
		21: ASM: top.theillusivec4.curios.common.event.CuriosEventHandler@55be015b attachStackCapabilities(Lnet/minecraftforge/event/AttachCapabilitiesEvent;)V
		22: net.minecraftforge.eventbus.EventBus$$Lambda$1624/0x0000000800814b08@22f4e2a2
		23: ASM: mcjty.rftoolsutility.setup.ForgeEventHandlers@69eb97b2 onEntityConstructing(Lnet/minecraftforge/event/AttachCapabilitiesEvent;)V
		24: ASM: org.cyclops.cyclopscore.modcompat.capabilities.CapabilityConstructorRegistry$TileEventListener@2ecb43a9 onTileLoad(Lnet/minecraftforge/event/AttachCapabilitiesEvent;)V
		25: ASM: dev.gigaherz.toolbelt.slot.BeltExtensionSlot$AttachHandlers@5fdc290 attachCapabilities(Lnet/minecraftforge/event/AttachCapabilitiesEvent;)V
		26: ASM: mcjty.lib.setup.ModSetup$EventHandler@51ff5832 onEntityConstructing(Lnet/minecraftforge/event/AttachCapabilitiesEvent;)V
		27: ASM: com.illusivesoulworks.polymorph.common.CommonEventsListener@398abd11 attachCapabilities(Lnet/minecraftforge/event/AttachCapabilitiesEvent;)V
		28: ASM: com.illusivesoulworks.polymorph.common.CommonEventsListener@398abd11 attachCapabilitiesStack(Lnet/minecraftforge/event/AttachCapabilitiesEvent;)V
		29: ASM: com.illusivesoulworks.polymorph.common.CommonEventsListener@398abd11 attachCapabilitiesPlayer(Lnet/minecraftforge/event/AttachCapabilitiesEvent;)V
java.lang.NullPointerException: Cannot invoke "net.minecraft.world.level.block.state.BlockState.m_60734_()" because the return value of "net.minecraft.world.level.block.entity.BlockEntity.m_58900_()" is null
	at TRANSFORMER/botarium@2.3.4/earth.terrarium.botarium.forge.BotariumForge.attachBlockCapabilities(BotariumForge.java:55)
	at MC-BOOTSTRAP/net.minecraftforge.eventbus/net.minecraftforge.eventbus.EventBus.doCastFilter(EventBus.java:260)
	at MC-BOOTSTRAP/net.minecraftforge.eventbus/net.minecraftforge.eventbus.EventBus.lambda$addListener$11(EventBus.java:252)
	at MC-BOOTSTRAP/net.minecraftforge.eventbus/net.minecraftforge.eventbus.EventBus.post(EventBus.java:315)
	at MC-BOOTSTRAP/net.minecraftforge.eventbus/net.minecraftforge.eventbus.EventBus.post(EventBus.java:296)
	at TRANSFORMER/forge@47.3.10/net.minecraftforge.event.ForgeEventFactory.gatherCapabilities(ForgeEventFactory.java:623)
	at TRANSFORMER/forge@47.3.10/net.minecraftforge.event.ForgeEventFactory.gatherCapabilities(ForgeEventFactory.java:617)
	at TRANSFORMER/forge@47.3.10/net.minecraftforge.common.capabilities.CapabilityProvider.doGatherCapabilities(CapabilityProvider.java:72)
	at TRANSFORMER/forge@47.3.10/net.minecraftforge.common.capabilities.CapabilityProvider.gatherCapabilities(CapabilityProvider.java:67)
	at TRANSFORMER/forge@47.3.10/net.minecraftforge.common.capabilities.CapabilityProvider.gatherCapabilities(CapabilityProvider.java:51)
	at TRANSFORMER/minecraft@1.20.1/net.minecraft.world.level.block.entity.BlockEntity.<init>(BlockEntity.java:33)
	at TRANSFORMER/mtr@1.20.1-3.2.2-hotfix-2/mtr.mappings.BlockEntityMapper.<init>(BlockEntityMapper.java:12)
	at TRANSFORMER/mtr@1.20.1-3.2.2-hotfix-2/mtr.mappings.BlockEntityClientSerializableMapper.<init>(BlockEntityClientSerializableMapper.java:15)
	at TRANSFORMER/mtr@1.20.1-3.2.2-hotfix-2/mtr.data.IPIDS$TileEntityPIDS.<init>(IPIDS.java:31)
	at TRANSFORMER/mtr@1.20.1-3.2.2-hotfix-2/mtr.block.BlockPIDSBaseHorizontal$TileEntityBlockPIDSBaseHorizontal.<init>(BlockPIDSBaseHorizontal.java:110)
	at TRANSFORMER/mtr@1.20.1-3.2.2-hotfix-2/mtr.block.BlockPIDS3$TileEntityBlockPIDS3.<init>(BlockPIDS3.java:32)
	at TRANSFORMER/mtr@1.20.1-3.2.2-hotfix-2/mtr.block.BlockPIDS3.createBlockEntity(BlockPIDS3.java:23)
	at TRANSFORMER/mtr@1.20.1-3.2.2-hotfix-2/mtr.block.BlockPIDSBaseHorizontal.m_5871_(BlockPIDSBaseHorizontal.java:96)
	at TRANSFORMER/minecraft@1.20.1/net.minecraft.world.item.BlockItem.m_7373_(BlockItem.java:200)
	at TRANSFORMER/minecraft@1.20.1/net.minecraft.world.item.ItemStack.m_41651_(ItemStack.java:631)
	at TRANSFORMER/roughlyenoughitems@12.1.785/me.shedaniel.rei.plugin.client.entry.ItemEntryDefinition.tryGetItemStackToolTip(ItemEntryDefinition.java:231)
	at TRANSFORMER/roughlyenoughitems@12.1.785/me.shedaniel.rei.plugin.client.entry.ItemEntryDefinition$ItemEntryRenderer.getTooltip(ItemEntryDefinition.java:369)
	at TRANSFORMER/roughlyenoughitems@12.1.785/me.shedaniel.rei.impl.common.entry.AbstractEntryStack.getTooltip(AbstractEntryStack.java:195)
	at TRANSFORMER/roughlyenoughitems@12.1.785/me.shedaniel.rei.impl.client.search.argument.type.TooltipArgumentType.tryGetEntryStackTooltip(TooltipArgumentType.java:90)
	at TRANSFORMER/roughlyenoughitems@12.1.785/me.shedaniel.rei.impl.client.search.argument.type.TooltipArgumentType.cacheData(TooltipArgumentType.java:75)
	at TRANSFORMER/roughlyenoughitems@12.1.785/me.shedaniel.rei.impl.client.search.argument.type.TooltipArgumentType.cacheData(TooltipArgumentType.java:45)
	at TRANSFORMER/roughlyenoughitems@12.1.785/me.shedaniel.rei.impl.client.search.argument.ArgumentCache.cacheStacks(ArgumentCache.java:138)
	at TRANSFORMER/roughlyenoughitems@12.1.785/me.shedaniel.rei.impl.client.search.argument.ArgumentCache.lambda$cache$1(ArgumentCache.java:110)
	at java.base/java.util.concurrent.CompletableFuture$AsyncSupply.run(CompletableFuture.java:1768)
	at java.base/java.util.concurrent.CompletableFuture$AsyncSupply.exec(CompletableFuture.java:1760)
	at java.base/java.util.concurrent.ForkJoinTask.doExec(ForkJoinTask.java:373)
	at java.base/java.util.concurrent.ForkJoinPool$WorkQueue.topLevelExec(ForkJoinPool.java:1182)
	at java.base/java.util.concurrent.ForkJoinPool.scan(ForkJoinPool.java:1655)
	at java.base/java.util.concurrent.ForkJoinPool.runWorker(ForkJoinPool.java:1622)
	at java.base/java.util.concurrent.ForkJoinWorkerThread.run(ForkJoinWorkerThread.java:165)

[12:06:33] [REI-Cache-0/ERROR]: Exception caught during firing event: Cannot invoke "net.minecraft.world.level.block.state.BlockState.m_60734_()" because the return value of "net.minecraft.world.level.block.entity.BlockEntity.m_58900_()" is null
	Index: 1
	Listeners:
		0: NORMAL
		1: net.minecraftforge.eventbus.EventBus$$Lambda$1624/0x0000000800814b08@7c9a899
		2: net.minecraftforge.eventbus.EventBus$$Lambda$1624/0x0000000800814b08@7e50b2ab
		3: net.minecraftforge.eventbus.EventBus$$Lambda$1624/0x0000000800814b08@2ce378a8
		4: ASM: org.cyclops.cyclopscore.modcompat.capabilities.CapabilityConstructorRegistry$TileEventListener@529e9634 onTileLoad(Lnet/minecraftforge/event/AttachCapabilitiesEvent;)V
		5: ASM: class net.xalcon.torchmaster.common.logic.entityblocking.EntityBlockingEventHandler onWorldAttachCapabilityEvent(Lnet/minecraftforge/event/AttachCapabilitiesEvent;)V
		6: ASM: org.cyclops.cyclopscore.modcompat.capabilities.CapabilityConstructorRegistry$ItemStackEventListener@6aab0c6b onItemStackLoad(Lnet/minecraftforge/event/AttachCapabilitiesEvent;)V
		7: ASM: org.cyclops.cyclopscore.modcompat.capabilities.CapabilityConstructorRegistry$EntityEventListener@16e0e23e onEntityLoad(Lnet/minecraftforge/event/AttachCapabilitiesEvent;)V
		8: ASM: fuzs.puzzleslib.impl.capability.ForgeCapabilityController@6ed4f6f3 onAttachCapabilities(Lnet/minecraftforge/event/AttachCapabilitiesEvent;)V
		9: ASM: class net.creeperhost.polylib.forge.ForgeEvents attachItemCapabilities(Lnet/minecraftforge/event/AttachCapabilitiesEvent;)V
		10: ASM: class net.creeperhost.polylib.forge.ForgeEvents OnAttachCapabilitiesEvent(Lnet/minecraftforge/event/AttachCapabilitiesEvent;)V
		11: net.minecraftforge.eventbus.EventBus$$Lambda$1624/0x0000000800814b08@241c257e
		12: ASM: com.epimorphismmc.monomorphism.capability.CapabilityHandler@73fac9c9 addCapabilitiesRaw(Lnet/minecraftforge/event/AttachCapabilitiesEvent;)V
		13: ASM: class com.gregtechceu.gtceu.forge.ForgeCommonEventListener attachCapabilities(Lnet/minecraftforge/event/AttachCapabilitiesEvent;)V
		14: ASM: class com.gregtechceu.gtceu.forge.ForgeCommonEventListener registerItemStackCapabilities(Lnet/minecraftforge/event/AttachCapabilitiesEvent;)V
		15: ASM: class com.gregtechceu.gtceu.forge.ForgeCommonEventListener registerEntityCapabilities(Lnet/minecraftforge/event/AttachCapabilitiesEvent;)V
		16: net.minecraftforge.eventbus.EventBus$$Lambda$1624/0x0000000800814b08@6edbdc04
		17: net.minecraftforge.eventbus.EventBus$$Lambda$1624/0x0000000800814b08@1565ee9e
		18: ASM: class com.simibubi.create.foundation.events.CommonEvents attachCapabilities(Lnet/minecraftforge/event/AttachCapabilitiesEvent;)V
		19: ASM: mekanism.common.CommonPlayerTracker@1cac5cde attachCaps(Lnet/minecraftforge/event/AttachCapabilitiesEvent;)V
		20: ASM: top.theillusivec4.curios.common.event.CuriosEventHandler@55be015b attachEntitiesCapabilities(Lnet/minecraftforge/event/AttachCapabilitiesEvent;)V
		21: ASM: top.theillusivec4.curios.common.event.CuriosEventHandler@55be015b attachStackCapabilities(Lnet/minecraftforge/event/AttachCapabilitiesEvent;)V
		22: net.minecraftforge.eventbus.EventBus$$Lambda$1624/0x0000000800814b08@22f4e2a2
		23: ASM: mcjty.rftoolsutility.setup.ForgeEventHandlers@69eb97b2 onEntityConstructing(Lnet/minecraftforge/event/AttachCapabilitiesEvent;)V
		24: ASM: org.cyclops.cyclopscore.modcompat.capabilities.CapabilityConstructorRegistry$TileEventListener@2ecb43a9 onTileLoad(Lnet/minecraftforge/event/AttachCapabilitiesEvent;)V
		25: ASM: dev.gigaherz.toolbelt.slot.BeltExtensionSlot$AttachHandlers@5fdc290 attachCapabilities(Lnet/minecraftforge/event/AttachCapabilitiesEvent;)V
		26: ASM: mcjty.lib.setup.ModSetup$EventHandler@51ff5832 onEntityConstructing(Lnet/minecraftforge/event/AttachCapabilitiesEvent;)V
		27: ASM: com.illusivesoulworks.polymorph.common.CommonEventsListener@398abd11 attachCapabilities(Lnet/minecraftforge/event/AttachCapabilitiesEvent;)V
		28: ASM: com.illusivesoulworks.polymorph.common.CommonEventsListener@398abd11 attachCapabilitiesStack(Lnet/minecraftforge/event/AttachCapabilitiesEvent;)V
		29: ASM: com.illusivesoulworks.polymorph.common.CommonEventsListener@398abd11 attachCapabilitiesPlayer(Lnet/minecraftforge/event/AttachCapabilitiesEvent;)V
java.lang.NullPointerException: Cannot invoke "net.minecraft.world.level.block.state.BlockState.m_60734_()" because the return value of "net.minecraft.world.level.block.entity.BlockEntity.m_58900_()" is null
	at TRANSFORMER/botarium@2.3.4/earth.terrarium.botarium.forge.BotariumForge.attachBlockCapabilities(BotariumForge.java:55)
	at MC-BOOTSTRAP/net.minecraftforge.eventbus/net.minecraftforge.eventbus.EventBus.doCastFilter(EventBus.java:260)
	at MC-BOOTSTRAP/net.minecraftforge.eventbus/net.minecraftforge.eventbus.EventBus.lambda$addListener$11(EventBus.java:252)
	at MC-BOOTSTRAP/net.minecraftforge.eventbus/net.minecraftforge.eventbus.EventBus.post(EventBus.java:315)
	at MC-BOOTSTRAP/net.minecraftforge.eventbus/net.minecraftforge.eventbus.EventBus.post(EventBus.java:296)
	at TRANSFORMER/forge@47.3.10/net.minecraftforge.event.ForgeEventFactory.gatherCapabilities(ForgeEventFactory.java:623)
	at TRANSFORMER/forge@47.3.10/net.minecraftforge.event.ForgeEventFactory.gatherCapabilities(ForgeEventFactory.java:617)
	at TRANSFORMER/forge@47.3.10/net.minecraftforge.common.capabilities.CapabilityProvider.doGatherCapabilities(CapabilityProvider.java:72)
	at TRANSFORMER/forge@47.3.10/net.minecraftforge.common.capabilities.CapabilityProvider.gatherCapabilities(CapabilityProvider.java:67)
	at TRANSFORMER/forge@47.3.10/net.minecraftforge.common.capabilities.CapabilityProvider.gatherCapabilities(CapabilityProvider.java:51)
	at TRANSFORMER/minecraft@1.20.1/net.minecraft.world.level.block.entity.BlockEntity.<init>(BlockEntity.java:33)
	at TRANSFORMER/mtr@1.20.1-3.2.2-hotfix-2/mtr.mappings.BlockEntityMapper.<init>(BlockEntityMapper.java:12)
	at TRANSFORMER/mtr@1.20.1-3.2.2-hotfix-2/mtr.mappings.BlockEntityClientSerializableMapper.<init>(BlockEntityClientSerializableMapper.java:15)
	at TRANSFORMER/mtr@1.20.1-3.2.2-hotfix-2/mtr.data.IPIDS$TileEntityPIDS.<init>(IPIDS.java:31)
	at TRANSFORMER/mtr@1.20.1-3.2.2-hotfix-2/mtr.block.BlockPIDSBaseVertical$TileEntityBlockPIDSBaseVertical.<init>(BlockPIDSBaseVertical.java:66)
	at TRANSFORMER/mtr@1.20.1-3.2.2-hotfix-2/mtr.block.BlockPIDS4$TileEntityBlockPIDS4.<init>(BlockPIDS4.java:31)
	at TRANSFORMER/mtr@1.20.1-3.2.2-hotfix-2/mtr.block.BlockPIDS4.createBlockEntity(BlockPIDS4.java:21)
	at TRANSFORMER/mtr@1.20.1-3.2.2-hotfix-2/mtr.block.BlockPIDSBaseVertical.m_5871_(BlockPIDSBaseVertical.java:52)
	at TRANSFORMER/minecraft@1.20.1/net.minecraft.world.item.BlockItem.m_7373_(BlockItem.java:200)
	at TRANSFORMER/minecraft@1.20.1/net.minecraft.world.item.ItemStack.m_41651_(ItemStack.java:631)
	at TRANSFORMER/roughlyenoughitems@12.1.785/me.shedaniel.rei.plugin.client.entry.ItemEntryDefinition.tryGetItemStackToolTip(ItemEntryDefinition.java:231)
	at TRANSFORMER/roughlyenoughitems@12.1.785/me.shedaniel.rei.plugin.client.entry.ItemEntryDefinition$ItemEntryRenderer.getTooltip(ItemEntryDefinition.java:369)
	at TRANSFORMER/roughlyenoughitems@12.1.785/me.shedaniel.rei.impl.common.entry.AbstractEntryStack.getTooltip(AbstractEntryStack.java:195)
	at TRANSFORMER/roughlyenoughitems@12.1.785/me.shedaniel.rei.impl.client.search.argument.type.TooltipArgumentType.tryGetEntryStackTooltip(TooltipArgumentType.java:90)
	at TRANSFORMER/roughlyenoughitems@12.1.785/me.shedaniel.rei.impl.client.search.argument.type.TooltipArgumentType.cacheData(TooltipArgumentType.java:75)
	at TRANSFORMER/roughlyenoughitems@12.1.785/me.shedaniel.rei.impl.client.search.argument.type.TooltipArgumentType.cacheData(TooltipArgumentType.java:45)
	at TRANSFORMER/roughlyenoughitems@12.1.785/me.shedaniel.rei.impl.client.search.argument.ArgumentCache.cacheStacks(ArgumentCache.java:138)
	at TRANSFORMER/roughlyenoughitems@12.1.785/me.shedaniel.rei.impl.client.search.argument.ArgumentCache.lambda$cache$1(ArgumentCache.java:110)
	at java.base/java.util.concurrent.CompletableFuture$AsyncSupply.run(CompletableFuture.java:1768)
	at java.base/java.util.concurrent.CompletableFuture$AsyncSupply.exec(CompletableFuture.java:1760)
	at java.base/java.util.concurrent.ForkJoinTask.doExec(ForkJoinTask.java:373)
	at java.base/java.util.concurrent.ForkJoinPool$WorkQueue.topLevelExec(ForkJoinPool.java:1182)
	at java.base/java.util.concurrent.ForkJoinPool.scan(ForkJoinPool.java:1655)
	at java.base/java.util.concurrent.ForkJoinPool.runWorker(ForkJoinPool.java:1622)
	at java.base/java.util.concurrent.ForkJoinWorkerThread.run(ForkJoinWorkerThread.java:165)

[12:06:33] [REI-Cache-0/ERROR]: Exception caught during firing event: Cannot invoke "net.minecraft.world.level.block.state.BlockState.m_60734_()" because the return value of "net.minecraft.world.level.block.entity.BlockEntity.m_58900_()" is null
	Index: 1
	Listeners:
		0: NORMAL
		1: net.minecraftforge.eventbus.EventBus$$Lambda$1624/0x0000000800814b08@7c9a899
		2: net.minecraftforge.eventbus.EventBus$$Lambda$1624/0x0000000800814b08@7e50b2ab
		3: net.minecraftforge.eventbus.EventBus$$Lambda$1624/0x0000000800814b08@2ce378a8
		4: ASM: org.cyclops.cyclopscore.modcompat.capabilities.CapabilityConstructorRegistry$TileEventListener@529e9634 onTileLoad(Lnet/minecraftforge/event/AttachCapabilitiesEvent;)V
		5: ASM: class net.xalcon.torchmaster.common.logic.entityblocking.EntityBlockingEventHandler onWorldAttachCapabilityEvent(Lnet/minecraftforge/event/AttachCapabilitiesEvent;)V
		6: ASM: org.cyclops.cyclopscore.modcompat.capabilities.CapabilityConstructorRegistry$ItemStackEventListener@6aab0c6b onItemStackLoad(Lnet/minecraftforge/event/AttachCapabilitiesEvent;)V
		7: ASM: org.cyclops.cyclopscore.modcompat.capabilities.CapabilityConstructorRegistry$EntityEventListener@16e0e23e onEntityLoad(Lnet/minecraftforge/event/AttachCapabilitiesEvent;)V
		8: ASM: fuzs.puzzleslib.impl.capability.ForgeCapabilityController@6ed4f6f3 onAttachCapabilities(Lnet/minecraftforge/event/AttachCapabilitiesEvent;)V
		9: ASM: class net.creeperhost.polylib.forge.ForgeEvents attachItemCapabilities(Lnet/minecraftforge/event/AttachCapabilitiesEvent;)V
		10: ASM: class net.creeperhost.polylib.forge.ForgeEvents OnAttachCapabilitiesEvent(Lnet/minecraftforge/event/AttachCapabilitiesEvent;)V
		11: net.minecraftforge.eventbus.EventBus$$Lambda$1624/0x0000000800814b08@241c257e
		12: ASM: com.epimorphismmc.monomorphism.capability.CapabilityHandler@73fac9c9 addCapabilitiesRaw(Lnet/minecraftforge/event/AttachCapabilitiesEvent;)V
		13: ASM: class com.gregtechceu.gtceu.forge.ForgeCommonEventListener attachCapabilities(Lnet/minecraftforge/event/AttachCapabilitiesEvent;)V
		14: ASM: class com.gregtechceu.gtceu.forge.ForgeCommonEventListener registerItemStackCapabilities(Lnet/minecraftforge/event/AttachCapabilitiesEvent;)V
		15: ASM: class com.gregtechceu.gtceu.forge.ForgeCommonEventListener registerEntityCapabilities(Lnet/minecraftforge/event/AttachCapabilitiesEvent;)V
		16: net.minecraftforge.eventbus.EventBus$$Lambda$1624/0x0000000800814b08@6edbdc04
		17: net.minecraftforge.eventbus.EventBus$$Lambda$1624/0x0000000800814b08@1565ee9e
		18: ASM: class com.simibubi.create.foundation.events.CommonEvents attachCapabilities(Lnet/minecraftforge/event/AttachCapabilitiesEvent;)V
		19: ASM: mekanism.common.CommonPlayerTracker@1cac5cde attachCaps(Lnet/minecraftforge/event/AttachCapabilitiesEvent;)V
		20: ASM: top.theillusivec4.curios.common.event.CuriosEventHandler@55be015b attachEntitiesCapabilities(Lnet/minecraftforge/event/AttachCapabilitiesEvent;)V
		21: ASM: top.theillusivec4.curios.common.event.CuriosEventHandler@55be015b attachStackCapabilities(Lnet/minecraftforge/event/AttachCapabilitiesEvent;)V
		22: net.minecraftforge.eventbus.EventBus$$Lambda$1624/0x0000000800814b08@22f4e2a2
		23: ASM: mcjty.rftoolsutility.setup.ForgeEventHandlers@69eb97b2 onEntityConstructing(Lnet/minecraftforge/event/AttachCapabilitiesEvent;)V
		24: ASM: org.cyclops.cyclopscore.modcompat.capabilities.CapabilityConstructorRegistry$TileEventListener@2ecb43a9 onTileLoad(Lnet/minecraftforge/event/AttachCapabilitiesEvent;)V
		25: ASM: dev.gigaherz.toolbelt.slot.BeltExtensionSlot$AttachHandlers@5fdc290 attachCapabilities(Lnet/minecraftforge/event/AttachCapabilitiesEvent;)V
		26: ASM: mcjty.lib.setup.ModSetup$EventHandler@51ff5832 onEntityConstructing(Lnet/minecraftforge/event/AttachCapabilitiesEvent;)V
		27: ASM: com.illusivesoulworks.polymorph.common.CommonEventsListener@398abd11 attachCapabilities(Lnet/minecraftforge/event/AttachCapabilitiesEvent;)V
		28: ASM: com.illusivesoulworks.polymorph.common.CommonEventsListener@398abd11 attachCapabilitiesStack(Lnet/minecraftforge/event/AttachCapabilitiesEvent;)V
		29: ASM: com.illusivesoulworks.polymorph.common.CommonEventsListener@398abd11 attachCapabilitiesPlayer(Lnet/minecraftforge/event/AttachCapabilitiesEvent;)V
java.lang.NullPointerException: Cannot invoke "net.minecraft.world.level.block.state.BlockState.m_60734_()" because the return value of "net.minecraft.world.level.block.entity.BlockEntity.m_58900_()" is null
	at TRANSFORMER/botarium@2.3.4/earth.terrarium.botarium.forge.BotariumForge.attachBlockCapabilities(BotariumForge.java:55)
	at MC-BOOTSTRAP/net.minecraftforge.eventbus/net.minecraftforge.eventbus.EventBus.doCastFilter(EventBus.java:260)
	at MC-BOOTSTRAP/net.minecraftforge.eventbus/net.minecraftforge.eventbus.EventBus.lambda$addListener$11(EventBus.java:252)
	at MC-BOOTSTRAP/net.minecraftforge.eventbus/net.minecraftforge.eventbus.EventBus.post(EventBus.java:315)
	at MC-BOOTSTRAP/net.minecraftforge.eventbus/net.minecraftforge.eventbus.EventBus.post(EventBus.java:296)
	at TRANSFORMER/forge@47.3.10/net.minecraftforge.event.ForgeEventFactory.gatherCapabilities(ForgeEventFactory.java:623)
	at TRANSFORMER/forge@47.3.10/net.minecraftforge.event.ForgeEventFactory.gatherCapabilities(ForgeEventFactory.java:617)
	at TRANSFORMER/forge@47.3.10/net.minecraftforge.common.capabilities.CapabilityProvider.doGatherCapabilities(CapabilityProvider.java:72)
	at TRANSFORMER/forge@47.3.10/net.minecraftforge.common.capabilities.CapabilityProvider.gatherCapabilities(CapabilityProvider.java:67)
	at TRANSFORMER/forge@47.3.10/net.minecraftforge.common.capabilities.CapabilityProvider.gatherCapabilities(CapabilityProvider.java:51)
	at TRANSFORMER/minecraft@1.20.1/net.minecraft.world.level.block.entity.BlockEntity.<init>(BlockEntity.java:33)
	at TRANSFORMER/mtr@1.20.1-3.2.2-hotfix-2/mtr.mappings.BlockEntityMapper.<init>(BlockEntityMapper.java:12)
	at TRANSFORMER/mtr@1.20.1-3.2.2-hotfix-2/mtr.mappings.BlockEntityClientSerializableMapper.<init>(BlockEntityClientSerializableMapper.java:15)
	at TRANSFORMER/mtr@1.20.1-3.2.2-hotfix-2/mtr.data.IPIDS$TileEntityPIDS.<init>(IPIDS.java:31)
	at TRANSFORMER/mtr@1.20.1-3.2.2-hotfix-2/mtr.block.BlockPIDSBaseVertical$TileEntityBlockPIDSBaseVertical.<init>(BlockPIDSBaseVertical.java:66)
	at TRANSFORMER/mtr@1.20.1-3.2.2-hotfix-2/mtr.block.BlockPIDSSingleArrival1$TileEntityBlockPIDSSingleArrival1.<init>(BlockPIDSSingleArrival1.java:30)
	at TRANSFORMER/mtr@1.20.1-3.2.2-hotfix-2/mtr.block.BlockPIDSSingleArrival1.createBlockEntity(BlockPIDSSingleArrival1.java:20)
	at TRANSFORMER/mtr@1.20.1-3.2.2-hotfix-2/mtr.block.BlockPIDSBaseVertical.m_5871_(BlockPIDSBaseVertical.java:52)
	at TRANSFORMER/minecraft@1.20.1/net.minecraft.world.item.BlockItem.m_7373_(BlockItem.java:200)
	at TRANSFORMER/minecraft@1.20.1/net.minecraft.world.item.ItemStack.m_41651_(ItemStack.java:631)
	at TRANSFORMER/roughlyenoughitems@12.1.785/me.shedaniel.rei.plugin.client.entry.ItemEntryDefinition.tryGetItemStackToolTip(ItemEntryDefinition.java:231)
	at TRANSFORMER/roughlyenoughitems@12.1.785/me.shedaniel.rei.plugin.client.entry.ItemEntryDefinition$ItemEntryRenderer.getTooltip(ItemEntryDefinition.java:369)
	at TRANSFORMER/roughlyenoughitems@12.1.785/me.shedaniel.rei.impl.common.entry.AbstractEntryStack.getTooltip(AbstractEntryStack.java:195)
	at TRANSFORMER/roughlyenoughitems@12.1.785/me.shedaniel.rei.impl.client.search.argument.type.TooltipArgumentType.tryGetEntryStackTooltip(TooltipArgumentType.java:90)
	at TRANSFORMER/roughlyenoughitems@12.1.785/me.shedaniel.rei.impl.client.search.argument.type.TooltipArgumentType.cacheData(TooltipArgumentType.java:75)
	at TRANSFORMER/roughlyenoughitems@12.1.785/me.shedaniel.rei.impl.client.search.argument.type.TooltipArgumentType.cacheData(TooltipArgumentType.java:45)
	at TRANSFORMER/roughlyenoughitems@12.1.785/me.shedaniel.rei.impl.client.search.argument.ArgumentCache.cacheStacks(ArgumentCache.java:138)
	at TRANSFORMER/roughlyenoughitems@12.1.785/me.shedaniel.rei.impl.client.search.argument.ArgumentCache.lambda$cache$1(ArgumentCache.java:110)
	at java.base/java.util.concurrent.CompletableFuture$AsyncSupply.run(CompletableFuture.java:1768)
	at java.base/java.util.concurrent.CompletableFuture$AsyncSupply.exec(CompletableFuture.java:1760)
	at java.base/java.util.concurrent.ForkJoinTask.doExec(ForkJoinTask.java:373)
	at java.base/java.util.concurrent.ForkJoinPool$WorkQueue.topLevelExec(ForkJoinPool.java:1182)
	at java.base/java.util.concurrent.ForkJoinPool.scan(ForkJoinPool.java:1655)
	at java.base/java.util.concurrent.ForkJoinPool.runWorker(ForkJoinPool.java:1622)
	at java.base/java.util.concurrent.ForkJoinWorkerThread.run(ForkJoinWorkerThread.java:165)

[12:06:34] [Render thread/INFO]: Loaded 973 advancements
[12:06:34] [REI-ReloadPlugins/INFO]: [REI] ++++++++++++++++++++++++++++++++++++++++
[12:06:34] [REI-ReloadPlugins/INFO]: [REI] REIServerPlugin starting main-reload for START.
[12:06:34] [REI-ReloadPlugins/INFO]: [REI] Plugins (3):
[12:06:34] [REI-ReloadPlugins/INFO]: [REI]  - (-100.00) DefaultPluginImpl of DefaultPluginImpl [roughlyenoughitems]
[12:06:34] [REI-ReloadPlugins/INFO]: [REI]  - (0.00) ReiPlugin of ReiPlugin [craftingstation]
[12:06:34] [REI-ReloadPlugins/INFO]: [REI]  - (0.00) DefaultRuntimePlugin of DefaultRuntimePlugin [roughlyenoughitems]
[12:06:34] [REI-ReloadPlugins/INFO]: [REI] ++++++++++++++++++++++++++++++++++++++++
[12:06:34] [REI-ReloadPlugins/INFO]: [REI] REIPlugin finished post-reload for START in 4.516 ms, totaling 289.5 ms.
[12:06:34] [REI-ReloadPlugins/INFO]: [REI] REIClientPlugin finished post-reload for START in 3.996 ms, totaling 4.102 s.
[12:06:34] [REI-ReloadPlugins/WARN]: [REI] Forcing plugins to run on main thread took 1.143 s
[12:06:34] [REI-ReloadPlugins/INFO]: [REI] REIServerPlugin finished post-reload for START in 297.1 ?s, totaling 2.872 ms.
[12:06:34] [REI-ReloadPlugins/INFO]: [REI] ----------------------------------------
[12:06:34] [REI-ReloadPlugins/INFO]: [REI] REIPlugin starting main-reload for END.
[12:06:34] [REI-ReloadPlugins/INFO]: [REI] Plugins (48):
[12:06:34] [REI-ReloadPlugins/INFO]: [REI]  - (-100.00) DefaultClientPluginImpl of DefaultClientPluginImpl [roughlyenoughitems]
[12:06:34] [REI-ReloadPlugins/INFO]: [REI]  - (-100.00) DefaultPluginImpl of DefaultPluginImpl [roughlyenoughitems]
[12:06:34] [REI-ReloadPlugins/INFO]: [REI]  - (0.00) HideIngredientsFromTagsPlugin of HideIngredientsFromTagsPlugin [roughlyenoughitems]
[12:06:34] [REI-ReloadPlugins/INFO]: [REI]  - (0.00) DefaultClientRuntimePlugin of DefaultClientRuntimePlugin [roughlyenoughitems]
[12:06:34] [REI-ReloadPlugins/INFO]: [REI]  - (0.00) DefaultRuntimePlugin of DefaultRuntimePlugin [roughlyenoughitems]
[12:06:34] [REI-ReloadPlugins/INFO]: [REI]  - (0.00) JEI Plugin [CreateAdditionJEI:createaddition:jei_plugin] of REI Plugin Compatibilities Adapter [rei_plugin_compatibilities, jei]
[12:06:34] [REI-ReloadPlugins/INFO]: [REI]  - (0.00) JEI Plugin [AMJEIPlugin:appmek:jei] of REI Plugin Compatibilities Adapter [rei_plugin_compatibilities, jei]
[12:06:34] [REI-ReloadPlugins/INFO]: [REI]  - (0.00) JEI Plugin [JEIIntegratedDynamicsConfig:integrateddynamicscompat:main] of REI Plugin Compatibilities Adapter [rei_plugin_compatibilities, jei]
[12:06:34] [REI-ReloadPlugins/INFO]: [REI]  - (0.00) JEI Plugin [CreateJEI:create:jei_plugin] of REI Plugin Compatibilities Adapter [rei_plugin_compatibilities, jei]
[12:06:34] [REI-ReloadPlugins/INFO]: [REI]  - (0.00) JEI Plugin [GTJEIPlugin:gtceu:jei_plugin] of REI Plugin Compatibilities Adapter [rei_plugin_compatibilities, jei]
[12:06:34] [REI-ReloadPlugins/INFO]: [REI]  - (0.00) JEI Plugin [FTBQuestsJEIIntegration:ftbxmodcompat:ftbquests_jei] of REI Plugin Compatibilities Adapter [rei_plugin_compatibilities, jei]
[12:06:34] [REI-ReloadPlugins/INFO]: [REI]  - (0.00) JEI Plugin [JEIPlugin:kubejs:jei] of REI Plugin Compatibilities Adapter [rei_plugin_compatibilities, jei]
[12:06:34] [REI-ReloadPlugins/INFO]: [REI]  - (0.00) JEI Plugin [JEIPlugin:expatternprovider:jei_plugin] of REI Plugin Compatibilities Adapter [rei_plugin_compatibilities, jei]
[12:06:34] [REI-ReloadPlugins/INFO]: [REI]  - (0.00) JEI Plugin [JEIPlugin:ae2:core] of REI Plugin Compatibilities Adapter [rei_plugin_compatibilities, jei]
[12:06:34] [REI-ReloadPlugins/INFO]: [REI]  - (0.00) JEI Plugin [JEICompat:jade:main] of REI Plugin Compatibilities Adapter [rei_plugin_compatibilities, jei]
[12:06:34] [REI-ReloadPlugins/INFO]: [REI]  - (0.00) JEI Plugin [RFToolsUtilityJeiPlugin:rftoolsutility:rftoolsutility] of REI Plugin Compatibilities Adapter [rei_plugin_compatibilities, jei]
[12:06:34] [REI-ReloadPlugins/INFO]: [REI]  - (0.00) JEI Plugin [RFToolsControlJeiPlugin:rftoolscontrol:rftoolscontrol] of REI Plugin Compatibilities Adapter [rei_plugin_compatibilities, jei]
[12:06:34] [REI-ReloadPlugins/INFO]: [REI]  - (0.00) JEI Plugin [RFToolsStorageJeiPlugin:rftoolsstorage:rftoolsstorage] of REI Plugin Compatibilities Adapter [rei_plugin_compatibilities, jei]
[12:06:34] [REI-ReloadPlugins/INFO]: [REI]  - (0.00) JEI Plugin [JeiCompat:mcjtylib:xnet] of REI Plugin Compatibilities Adapter [rei_plugin_compatibilities, jei]
[12:06:34] [REI-ReloadPlugins/INFO]: [REI]  - (0.00) JEI Plugin [RFToolsBaseJeiPlugin:rftoolsbase:rftoolsbase] of REI Plugin Compatibilities Adapter [rei_plugin_compatibilities, jei]
[12:06:34] [REI-ReloadPlugins/INFO]: [REI]  - (0.00) JEI Plugin [JeiCompatibility:mcjtylib:mcjtylib] of REI Plugin Compatibilities Adapter [rei_plugin_compatibilities, jei]
[12:06:34] [REI-ReloadPlugins/INFO]: [REI]  - (0.00) JEI Plugin [ToolsJEI:mekanismtools:jei_plugin] of REI Plugin Compatibilities Adapter [rei_plugin_compatibilities, jei]
[12:06:34] [REI-ReloadPlugins/INFO]: [REI]  - (0.00) JEI Plugin [GeneratorsJEI:mekanismgenerators:jei_plugin] of REI Plugin Compatibilities Adapter [rei_plugin_compatibilities, jei]
[12:06:34] [REI-ReloadPlugins/INFO]: [REI]  - (0.00) JEI Plugin [MekanismJEI:mekanism:jei_plugin] of REI Plugin Compatibilities Adapter [rei_plugin_compatibilities, jei]
[12:06:34] [REI-ReloadPlugins/INFO]: [REI]  - (0.00) JEI Plugin [JeiClientPlugin:minecraft:craftingstation] of REI Plugin Compatibilities Adapter [rei_plugin_compatibilities, jei]
[12:06:34] [REI-ReloadPlugins/INFO]: [REI]  - (0.00) JEI Plugin [JEIIntegration:ftblibrary:jei] of REI Plugin Compatibilities Adapter [rei_plugin_compatibilities, jei]
[12:06:34] [REI-ReloadPlugins/INFO]: [REI]  - (0.00) JEI Plugin [PolyJEIPlugin:polylib:jei_plugin] of REI Plugin Compatibilities Adapter [rei_plugin_compatibilities, jei]
[12:06:34] [REI-ReloadPlugins/INFO]: [REI]  - (0.00) JEI Plugin [CuriosJeiPlugin:curios:curios] of REI Plugin Compatibilities Adapter [rei_plugin_compatibilities, jei]
[12:06:34] [REI-ReloadPlugins/INFO]: [REI]  - (0.00) JEI Plugin [JEIConfig:minecraft:jeresources] of REI Plugin Compatibilities Adapter [rei_plugin_compatibilities, jei]
[12:06:34] [REI-ReloadPlugins/INFO]: [REI]  - (0.00) JEI Plugin [JEIPlugin:ldlib:jei_plugin] of REI Plugin Compatibilities Adapter [rei_plugin_compatibilities, jei]
[12:06:34] [REI-ReloadPlugins/INFO]: [REI]  - (0.00) JEI Plugin [SBPPlugin:sophisticatedbackpacks:default] of REI Plugin Compatibilities Adapter [rei_plugin_compatibilities, jei]
[12:06:34] [REI-ReloadPlugins/INFO]: [REI]  - (0.00) JEI Plugin [JEIRuntimeCapturer:modernfix:capturer] of REI Plugin Compatibilities Adapter [rei_plugin_compatibilities, jei]
[12:06:34] [REI-ReloadPlugins/INFO]: [REI]  - (0.00) JEI Plugin [CorePlugin:sophisticatedcore:default] of REI Plugin Compatibilities Adapter [rei_plugin_compatibilities, jei]
[12:06:34] [REI-ReloadPlugins/INFO]: [REI]  - (0.00) JEI Plugin [JEIPlugin:architects_palette:jei_plugin] of REI Plugin Compatibilities Adapter [rei_plugin_compatibilities, jei]
[12:06:34] [REI-ReloadPlugins/INFO]: [REI]  - (0.00) JEI Plugin [JEIIntegratedTerminalsConfig:integratedterminalscompat:main] of REI Plugin Compatibilities Adapter [rei_plugin_compatibilities, jei]
[12:06:34] [REI-ReloadPlugins/INFO]: [REI]  - (0.00) ReiIntegratedDynamicsConfig of ReiIntegratedDynamicsConfig [integrateddynamics, integrateddynamicscompat]
[12:06:34] [REI-ReloadPlugins/INFO]: [REI]  - (0.00) GTREIPlugin of GTREIPlugin [gtceu]
[12:06:34] [REI-ReloadPlugins/INFO]: [REI]  - (0.00) FTBQuestsREIIntegrationForge of FTBQuestsREIIntegrationForge [ftbxmodcompat]
[12:06:34] [REI-ReloadPlugins/INFO]: [REI]  - (0.00) ExtendedAE of ExtendedAE [expatternprovider]
[12:06:34] [REI-ReloadPlugins/INFO]: [REI]  - (0.00) FramedReiPlugin of FramedReiPlugin [framedblocks]
[12:06:34] [REI-ReloadPlugins/INFO]: [REI]  - (0.00) REIPluginImpl of REIPluginImpl [ldlib]
[12:06:34] [REI-ReloadPlugins/INFO]: [REI]  - (0.00) REI Plugin Compatibilities Client Handler of REI Plugin Compatibilities Client Handler [rei_plugin_compatibilities, jei]
[12:06:34] [REI-ReloadPlugins/INFO]: [REI]  - (0.00) ReiIntegratedTerminalsConfig of ReiIntegratedTerminalsConfig [integratedterminals, integratedterminalscompat]
[12:06:34] [REI-ReloadPlugins/INFO]: [REI]  - (0.00) ReiClientPlugin of ReiClientPlugin [craftingstation]
[12:06:34] [REI-ReloadPlugins/INFO]: [REI]  - (0.00) ReiPlugin of ReiPlugin [craftingstation]
[12:06:34] [REI-ReloadPlugins/INFO]: [REI]  - (0.00) REIForgePluginStub of REIForgePluginStub [ftblibrary]
[12:06:34] [REI-ReloadPlugins/INFO]: [REI]  - (0.00) AE2 of AE2 [ae2]
[12:06:34] [REI-ReloadPlugins/INFO]: [REI]  - (10000000.00) REIForgePluginStub of REIForgePluginStub [kubejs]
[12:06:34] [REI-ReloadPlugins/INFO]: [REI] ----------------------------------------
[12:06:34] [REI-ReloadPlugins/INFO]: [REI] ########################################
[12:06:34] [REI-ReloadPlugins/INFO]: [REI] REIClientPlugin starting main-reload for END.
[12:06:34] [REI-ReloadPlugins/INFO]: [REI] Plugins (45):
[12:06:34] [REI-ReloadPlugins/INFO]: [REI]  - (-100.00) DefaultClientPluginImpl of DefaultClientPluginImpl [roughlyenoughitems]
[12:06:34] [REI-ReloadPlugins/INFO]: [REI]  - (0.00) JEI Plugin [CreateAdditionJEI:createaddition:jei_plugin] of REI Plugin Compatibilities Adapter [rei_plugin_compatibilities, jei]
[12:06:34] [REI-ReloadPlugins/INFO]: [REI]  - (0.00) JEI Plugin [AMJEIPlugin:appmek:jei] of REI Plugin Compatibilities Adapter [rei_plugin_compatibilities, jei]
[12:06:34] [REI-ReloadPlugins/INFO]: [REI]  - (0.00) JEI Plugin [JEIIntegratedDynamicsConfig:integrateddynamicscompat:main] of REI Plugin Compatibilities Adapter [rei_plugin_compatibilities, jei]
[12:06:34] [REI-ReloadPlugins/INFO]: [REI]  - (0.00) JEI Plugin [CreateJEI:create:jei_plugin] of REI Plugin Compatibilities Adapter [rei_plugin_compatibilities, jei]
[12:06:34] [REI-ReloadPlugins/INFO]: [REI]  - (0.00) JEI Plugin [GTJEIPlugin:gtceu:jei_plugin] of REI Plugin Compatibilities Adapter [rei_plugin_compatibilities, jei]
[12:06:34] [REI-ReloadPlugins/INFO]: [REI]  - (0.00) JEI Plugin [FTBQuestsJEIIntegration:ftbxmodcompat:ftbquests_jei] of REI Plugin Compatibilities Adapter [rei_plugin_compatibilities, jei]
[12:06:34] [REI-ReloadPlugins/INFO]: [REI]  - (0.00) JEI Plugin [JEIPlugin:kubejs:jei] of REI Plugin Compatibilities Adapter [rei_plugin_compatibilities, jei]
[12:06:34] [REI-ReloadPlugins/INFO]: [REI]  - (0.00) JEI Plugin [JEIPlugin:expatternprovider:jei_plugin] of REI Plugin Compatibilities Adapter [rei_plugin_compatibilities, jei]
[12:06:34] [REI-ReloadPlugins/INFO]: [REI]  - (0.00) JEI Plugin [JEIPlugin:ae2:core] of REI Plugin Compatibilities Adapter [rei_plugin_compatibilities, jei]
[12:06:34] [REI-ReloadPlugins/INFO]: [REI]  - (0.00) JEI Plugin [JEICompat:jade:main] of REI Plugin Compatibilities Adapter [rei_plugin_compatibilities, jei]
[12:06:34] [REI-ReloadPlugins/INFO]: [REI]  - (0.00) JEI Plugin [RFToolsUtilityJeiPlugin:rftoolsutility:rftoolsutility] of REI Plugin Compatibilities Adapter [rei_plugin_compatibilities, jei]
[12:06:34] [REI-ReloadPlugins/INFO]: [REI]  - (0.00) JEI Plugin [RFToolsControlJeiPlugin:rftoolscontrol:rftoolscontrol] of REI Plugin Compatibilities Adapter [rei_plugin_compatibilities, jei]
[12:06:34] [REI-ReloadPlugins/INFO]: [REI]  - (0.00) JEI Plugin [RFToolsStorageJeiPlugin:rftoolsstorage:rftoolsstorage] of REI Plugin Compatibilities Adapter [rei_plugin_compatibilities, jei]
[12:06:34] [REI-ReloadPlugins/INFO]: [REI]  - (0.00) JEI Plugin [JeiCompat:mcjtylib:xnet] of REI Plugin Compatibilities Adapter [rei_plugin_compatibilities, jei]
[12:06:34] [REI-ReloadPlugins/INFO]: [REI]  - (0.00) JEI Plugin [RFToolsBaseJeiPlugin:rftoolsbase:rftoolsbase] of REI Plugin Compatibilities Adapter [rei_plugin_compatibilities, jei]
[12:06:34] [REI-ReloadPlugins/INFO]: [REI]  - (0.00) JEI Plugin [JeiCompatibility:mcjtylib:mcjtylib] of REI Plugin Compatibilities Adapter [rei_plugin_compatibilities, jei]
[12:06:34] [REI-ReloadPlugins/INFO]: [REI]  - (0.00) JEI Plugin [ToolsJEI:mekanismtools:jei_plugin] of REI Plugin Compatibilities Adapter [rei_plugin_compatibilities, jei]
[12:06:34] [REI-ReloadPlugins/INFO]: [REI]  - (0.00) JEI Plugin [GeneratorsJEI:mekanismgenerators:jei_plugin] of REI Plugin Compatibilities Adapter [rei_plugin_compatibilities, jei]
[12:06:34] [REI-ReloadPlugins/INFO]: [REI]  - (0.00) JEI Plugin [MekanismJEI:mekanism:jei_plugin] of REI Plugin Compatibilities Adapter [rei_plugin_compatibilities, jei]
[12:06:34] [REI-ReloadPlugins/INFO]: [REI]  - (0.00) JEI Plugin [JeiClientPlugin:minecraft:craftingstation] of REI Plugin Compatibilities Adapter [rei_plugin_compatibilities, jei]
[12:06:34] [REI-ReloadPlugins/INFO]: [REI]  - (0.00) JEI Plugin [JEIIntegration:ftblibrary:jei] of REI Plugin Compatibilities Adapter [rei_plugin_compatibilities, jei]
[12:06:34] [REI-ReloadPlugins/INFO]: [REI]  - (0.00) JEI Plugin [PolyJEIPlugin:polylib:jei_plugin] of REI Plugin Compatibilities Adapter [rei_plugin_compatibilities, jei]
[12:06:34] [REI-ReloadPlugins/INFO]: [REI]  - (0.00) JEI Plugin [CuriosJeiPlugin:curios:curios] of REI Plugin Compatibilities Adapter [rei_plugin_compatibilities, jei]
[12:06:34] [REI-ReloadPlugins/INFO]: [REI]  - (0.00) JEI Plugin [JEIConfig:minecraft:jeresources] of REI Plugin Compatibilities Adapter [rei_plugin_compatibilities, jei]
[12:06:34] [REI-ReloadPlugins/INFO]: [REI]  - (0.00) JEI Plugin [JEIPlugin:ldlib:jei_plugin] of REI Plugin Compatibilities Adapter [rei_plugin_compatibilities, jei]
[12:06:34] [REI-ReloadPlugins/INFO]: [REI]  - (0.00) JEI Plugin [SBPPlugin:sophisticatedbackpacks:default] of REI Plugin Compatibilities Adapter [rei_plugin_compatibilities, jei]
[12:06:34] [REI-ReloadPlugins/INFO]: [REI]  - (0.00) JEI Plugin [JEIRuntimeCapturer:modernfix:capturer] of REI Plugin Compatibilities Adapter [rei_plugin_compatibilities, jei]
[12:06:34] [REI-ReloadPlugins/INFO]: [REI]  - (0.00) JEI Plugin [CorePlugin:sophisticatedcore:default] of REI Plugin Compatibilities Adapter [rei_plugin_compatibilities, jei]
[12:06:34] [REI-ReloadPlugins/INFO]: [REI]  - (0.00) JEI Plugin [JEIPlugin:architects_palette:jei_plugin] of REI Plugin Compatibilities Adapter [rei_plugin_compatibilities, jei]
[12:06:34] [REI-ReloadPlugins/INFO]: [REI]  - (0.00) JEI Plugin [JEIIntegratedTerminalsConfig:integratedterminalscompat:main] of REI Plugin Compatibilities Adapter [rei_plugin_compatibilities, jei]
[12:06:34] [REI-ReloadPlugins/INFO]: [REI]  - (0.00) ReiIntegratedDynamicsConfig of ReiIntegratedDynamicsConfig [integrateddynamics, integrateddynamicscompat]
[12:06:34] [REI-ReloadPlugins/INFO]: [REI]  - (0.00) GTREIPlugin of GTREIPlugin [gtceu]
[12:06:34] [REI-ReloadPlugins/INFO]: [REI]  - (0.00) FTBQuestsREIIntegrationForge of FTBQuestsREIIntegrationForge [ftbxmodcompat]
[12:06:34] [REI-ReloadPlugins/INFO]: [REI]  - (0.00) ExtendedAE of ExtendedAE [expatternprovider]
[12:06:34] [REI-ReloadPlugins/INFO]: [REI]  - (0.00) FramedReiPlugin of FramedReiPlugin [framedblocks]
[12:06:34] [REI-ReloadPlugins/INFO]: [REI]  - (0.00) REIPluginImpl of REIPluginImpl [ldlib]
[12:06:34] [REI-ReloadPlugins/INFO]: [REI]  - (0.00) REI Plugin Compatibilities Client Handler of REI Plugin Compatibilities Client Handler [rei_plugin_compatibilities, jei]
[12:06:34] [REI-ReloadPlugins/INFO]: [REI]  - (0.00) ReiIntegratedTerminalsConfig of ReiIntegratedTerminalsConfig [integratedterminals, integratedterminalscompat]
[12:06:34] [REI-ReloadPlugins/INFO]: [REI]  - (0.00) ReiClientPlugin of ReiClientPlugin [craftingstation]
[12:06:34] [REI-ReloadPlugins/INFO]: [REI]  - (0.00) REIForgePluginStub of REIForgePluginStub [ftblibrary]
[12:06:34] [REI-ReloadPlugins/INFO]: [REI]  - (0.00) AE2 of AE2 [ae2]
[12:06:34] [REI-ReloadPlugins/INFO]: [REI]  - (0.00) HideIngredientsFromTagsPlugin of HideIngredientsFromTagsPlugin [roughlyenoughitems]
[12:06:34] [REI-ReloadPlugins/INFO]: [REI]  - (0.00) DefaultClientRuntimePlugin of DefaultClientRuntimePlugin [roughlyenoughitems]
[12:06:34] [REI-ReloadPlugins/INFO]: [REI]  - (10000000.00) REIForgePluginStub of REIForgePluginStub [kubejs]
[12:06:34] [REI-ReloadPlugins/INFO]: [REI] ########################################
[12:06:34] [REI-ReloadPlugins/WARN]: [REI] Collapsible entry group [gtceu:tool/shears] Shears has no entries, ignoring.
[12:06:34] [REI-ReloadPlugins/WARN]: [REI] Collapsible entry group [gtceu:ore/europium] Europium Ore has no entries, ignoring.
[12:06:34] [REI-ReloadPlugins/WARN]: [REI] Collapsible entry group [gtceu:ore/iridium] Iridium Ore has no entries, ignoring.
[12:06:34] [REI-ReloadPlugins/WARN]: [REI] Collapsible entry group [gtceu:ore/titanium] Titanium Ore has no entries, ignoring.
[12:06:34] [REI-ReloadPlugins/WARN]: [REI] Collapsible entry group [gtceu:ore/tungsten] Tungsten Ore has no entries, ignoring.
[12:06:34] [REI-ReloadPlugins/WARN]: [REI] Collapsible entry group [gtceu:ore/neutronium] Neutronium Ore has no entries, ignoring.
[12:06:34] [REI-ReloadPlugins/WARN]: [REI] Collapsible entry group [gtceu:ore/tritanium] Tritanium Ore has no entries, ignoring.
[12:06:34] [REI-ReloadPlugins/WARN]: [REI] Collapsible entry group [gtceu:ore/bronze] Bronze Ore has no entries, ignoring.
[12:06:34] [REI-ReloadPlugins/WARN]: [REI] Collapsible entry group [gtceu:ore/invar] Invar Ore has no entries, ignoring.
[12:06:34] [REI-ReloadPlugins/WARN]: [REI] Collapsible entry group [gtceu:ore/ruridit] Ruridit Ore has no entries, ignoring.
[12:06:34] [REI-ReloadPlugins/WARN]: [REI] Collapsible entry group [gtceu:ore/stainless_steel] Stainless Steel Ore has no entries, ignoring.
[12:06:34] [REI-ReloadPlugins/WARN]: [REI] Collapsible entry group [gtceu:ore/steel] Steel Ore has no entries, ignoring.
[12:06:34] [REI-ReloadPlugins/WARN]: [REI] Collapsible entry group [gtceu:ore/ultimet] Ultimet Ore has no entries, ignoring.
[12:06:34] [REI-ReloadPlugins/WARN]: [REI] Collapsible entry group [gtceu:ore/tungsten_carbide] Tungsten Carbide Ore has no entries, ignoring.
[12:06:34] [REI-ReloadPlugins/WARN]: [REI] Collapsible entry group [gtceu:ore/polytetrafluoroethylene] Polytetrafluoroethylene Ore has no entries, ignoring.
[12:06:34] [REI-ReloadPlugins/WARN]: [REI] Collapsible entry group [gtceu:ore/black_steel] Black Steel Ore has no entries, ignoring.
[12:06:34] [REI-ReloadPlugins/WARN]: [REI] Collapsible entry group [gtceu:ore/tungsten_steel] Tungsten Steel Ore has no entries, ignoring.
[12:06:34] [REI-ReloadPlugins/WARN]: [REI] Collapsible entry group [gtceu:ore/naquadah_alloy] Naquadah Alloy Ore has no entries, ignoring.
[12:06:34] [REI-ReloadPlugins/WARN]: [REI] Collapsible entry group [gtceu:ore/blue_steel] Blue Steel Ore has no entries, ignoring.
[12:06:34] [REI-ReloadPlugins/WARN]: [REI] Collapsible entry group [gtceu:ore/hssg] Hssg Ore has no entries, ignoring.
[12:06:34] [REI-ReloadPlugins/WARN]: [REI] Collapsible entry group [gtceu:ore/hsse] Hsse Ore has no entries, ignoring.
[12:06:34] [REI-ReloadPlugins/WARN]: [REI] Collapsible entry group [gtceu:ore/hsss] Hsss Ore has no entries, ignoring.
[12:06:34] [REI-ReloadPlugins/WARN]: [REI] Collapsible entry group [gtceu:ore/blue_alloy] Blue Alloy Ore has no entries, ignoring.
[12:06:34] [REI-ReloadPlugins/WARN]: [REI] Collapsible entry group [gtceu:ore/hsla_steel] Hsla Steel Ore has no entries, ignoring.
[12:06:34] [REI-ReloadPlugins/WARN]: [REI] Collapsible entry group [gtceu:ore/watertight_steel] Watertight Steel Ore has no entries, ignoring.
[12:06:34] [REI-ReloadPlugins/WARN]: [REI] Collapsible entry group [gtceu:ore/incoloy_ma_956] Incoloy Ma 956 Ore has no entries, ignoring.
[12:06:34] [REI-ReloadPlugins/WARN]: [REI] Collapsible entry group [gtceu:ore/maraging_steel_300] Maraging Steel 300 Ore has no entries, ignoring.
[12:06:34] [REI-ReloadPlugins/WARN]: [REI] Collapsible entry group [gtceu:ore/hastelloy_x] Hastelloy X Ore has no entries, ignoring.
[12:06:34] [REI-ReloadPlugins/WARN]: [REI] Collapsible entry group [gtceu:ore/hastelloy_c_276] Hastelloy C 276 Ore has no entries, ignoring.
[12:06:34] [REI-ReloadPlugins/WARN]: [REI] Collapsible entry group [gtceu:ore/black_matter] Black Matter Ore has no entries, ignoring.
[12:06:34] [REI-ReloadPlugins/WARN]: [REI] Collapsible entry group [gtceu:ore/refined_radiance] Refined Radiance Ore has no entries, ignoring.
[12:06:34] [REI-ReloadPlugins/WARN]: [REI] Collapsible entry group [gtceu:ore/shadow_steel] Shadow Steel Ore has no entries, ignoring.
[12:06:35] [Render thread/WARN]: Time from main menu to in-game was 16.979273 seconds
[12:06:35] [Render thread/WARN]: Total time to load game and open world was 83.37727 seconds
[12:06:38] [REI-ReloadPlugins/WARN]: Failed loading villager cartographer registered at cartographer
[12:06:38] [REI-ReloadPlugins/WARN]: Exception caught when registering villager
java.lang.NullPointerException: Cannot invoke "net.minecraft.world.entity.Entity.m_9236_()" because "p_219708_" is null
	at net.minecraft.world.entity.npc.VillagerTrades$TreasureMapForEmeralds.m_213663_(VillagerTrades.java:878) ~[client-1.20.1-20230612.114412-srg.jar%23400!/:?]
	at jeresources.collection.TradeList.addMerchantRecipe(TradeList.java:58) ~[JustEnoughResources-1.20.1-1.4.0.247.jar%23339!/:1.4.0.247]
	at jeresources.collection.TradeList.addITradeList(TradeList.java:69) ~[JustEnoughResources-1.20.1-1.4.0.247.jar%23339!/:1.4.0.247]
	at jeresources.entry.AbstractVillagerEntry.addITradeLists(AbstractVillagerEntry.java:29) ~[JustEnoughResources-1.20.1-1.4.0.247.jar%23339!/:1.4.0.247]
	at jeresources.entry.AbstractVillagerEntry.<init>(AbstractVillagerEntry.java:22) ~[JustEnoughResources-1.20.1-1.4.0.247.jar%23339!/:1.4.0.247]
	at jeresources.entry.VillagerEntry.<init>(VillagerEntry.java:19) ~[JustEnoughResources-1.20.1-1.4.0.247.jar%23339!/:1.4.0.247]
	at jeresources.util.VillagersHelper.initRegistry(VillagersHelper.java:23) ~[JustEnoughResources-1.20.1-1.4.0.247.jar%23339!/:1.4.0.247]
	at jeresources.compatibility.Compatibility.init(Compatibility.java:33) ~[JustEnoughResources-1.20.1-1.4.0.247.jar%23339!/:1.4.0.247]
	at jeresources.proxy.CommonProxy.initCompatibility(CommonProxy.java:14) ~[JustEnoughResources-1.20.1-1.4.0.247.jar%23339!/:1.4.0.247]
	at jeresources.jei.JEIConfig.registerCategories(JEIConfig.java:98) ~[JustEnoughResources-1.20.1-1.4.0.247.jar%23339!/:1.4.0.247]
	at me.shedaniel.rei.jeicompat.JEIPluginDetector$JEIPluginWrapper.registerCategories(JEIPluginDetector.java:508) ~[REIPluginCompatibilities-forge-12.0.93.jar%23373!/:?]
	at me.shedaniel.rei.impl.client.registry.category.CategoryRegistryImpl.acceptPlugin(CategoryRegistryImpl.java:54) ~[RoughlyEnoughItems-12.1.785-forge.jar%23383!/:?]
	at me.shedaniel.rei.impl.client.registry.category.CategoryRegistryImpl.acceptPlugin(CategoryRegistryImpl.java:46) ~[RoughlyEnoughItems-12.1.785-forge.jar%23383!/:?]
	at me.shedaniel.rei.api.common.registry.Reloadable.acceptPlugin(Reloadable.java:78) ~[RoughlyEnoughItems-12.1.785-forge.jar%23383!/:?]
	at me.shedaniel.rei.impl.common.plugins.PluginManagerImpl.lambda$reload$12(PluginManagerImpl.java:430) ~[RoughlyEnoughItems-12.1.785-forge.jar%23383!/:?]
	at me.shedaniel.rei.impl.common.plugins.PluginManagerImpl.lambda$pluginSection$4(PluginManagerImpl.java:193) ~[RoughlyEnoughItems-12.1.785-forge.jar%23383!/:?]
	at me.shedaniel.rei.impl.common.plugins.PluginManagerImpl.lambda$reload$13(PluginManagerImpl.java:420) ~[RoughlyEnoughItems-12.1.785-forge.jar%23383!/:?]
	at me.shedaniel.rei.impl.common.plugins.PluginManagerImpl.pluginSection(PluginManagerImpl.java:191) ~[RoughlyEnoughItems-12.1.785-forge.jar%23383!/:?]
	at me.shedaniel.rei.impl.common.plugins.PluginManagerImpl.reload(PluginManagerImpl.java:418) ~[RoughlyEnoughItems-12.1.785-forge.jar%23383!/:?]
	at me.shedaniel.rei.api.common.plugins.PluginView$1.reload(PluginView.java:71) ~[RoughlyEnoughItems-12.1.785-forge.jar%23383!/:?]
	at me.shedaniel.rei.impl.common.plugins.ReloadManagerImpl.reloadPlugins0(ReloadManagerImpl.java:155) ~[RoughlyEnoughItems-12.1.785-forge.jar%23383!/:?]
	at me.shedaniel.rei.impl.common.plugins.ReloadManagerImpl.reloadPlugins0(ReloadManagerImpl.java:144) ~[RoughlyEnoughItems-12.1.785-forge.jar%23383!/:?]
	at me.shedaniel.rei.impl.common.plugins.ReloadManagerImpl.lambda$reloadPlugins$7(ReloadManagerImpl.java:122) ~[RoughlyEnoughItems-12.1.785-forge.jar%23383!/:?]
	at java.util.concurrent.CompletableFuture$AsyncRun.run(CompletableFuture.java:1804) ~[?:?]
	at java.util.concurrent.Executors$RunnableAdapter.call(Executors.java:539) ~[?:?]
	at java.util.concurrent.FutureTask.run(FutureTask.java:264) ~[?:?]
	at java.util.concurrent.ScheduledThreadPoolExecutor$ScheduledFutureTask.run(ScheduledThreadPoolExecutor.java:304) ~[?:?]
	at java.util.concurrent.ThreadPoolExecutor.runWorker(ThreadPoolExecutor.java:1136) ~[?:?]
	at java.util.concurrent.ThreadPoolExecutor$Worker.run(ThreadPoolExecutor.java:635) ~[?:?]
	at java.lang.Thread.run(Thread.java:840) ~[?:?]
[12:06:43] [REI-ReloadPlugins/WARN]: [REI] Forcing plugin JEI Plugin [JEIConfig:minecraft:jeresources] of REI Plugin Compatibilities Adapter [rei_plugin_compatibilities, jei] to run on the main thread for reloadable-plugin/DisplayRegistryImpl/! This is extremely dangerous, and have large performance implications.
[12:06:51] [REI-Cache-1/ERROR]: Exception caught during firing event: null
	Index: 1
	Listeners:
		0: NORMAL
		1: net.minecraftforge.eventbus.EventBus$$Lambda$1624/0x0000000800814b08@7c9a899
		2: net.minecraftforge.eventbus.EventBus$$Lambda$1624/0x0000000800814b08@7e50b2ab
		3: net.minecraftforge.eventbus.EventBus$$Lambda$1624/0x0000000800814b08@2ce378a8
		4: ASM: org.cyclops.cyclopscore.modcompat.capabilities.CapabilityConstructorRegistry$TileEventListener@529e9634 onTileLoad(Lnet/minecraftforge/event/AttachCapabilitiesEvent;)V
		5: ASM: class net.xalcon.torchmaster.common.logic.entityblocking.EntityBlockingEventHandler onWorldAttachCapabilityEvent(Lnet/minecraftforge/event/AttachCapabilitiesEvent;)V
		6: ASM: org.cyclops.cyclopscore.modcompat.capabilities.CapabilityConstructorRegistry$ItemStackEventListener@6aab0c6b onItemStackLoad(Lnet/minecraftforge/event/AttachCapabilitiesEvent;)V
		7: ASM: org.cyclops.cyclopscore.modcompat.capabilities.CapabilityConstructorRegistry$EntityEventListener@16e0e23e onEntityLoad(Lnet/minecraftforge/event/AttachCapabilitiesEvent;)V
		8: ASM: fuzs.puzzleslib.impl.capability.ForgeCapabilityController@6ed4f6f3 onAttachCapabilities(Lnet/minecraftforge/event/AttachCapabilitiesEvent;)V
		9: ASM: class net.creeperhost.polylib.forge.ForgeEvents attachItemCapabilities(Lnet/minecraftforge/event/AttachCapabilitiesEvent;)V
		10: ASM: class net.creeperhost.polylib.forge.ForgeEvents OnAttachCapabilitiesEvent(Lnet/minecraftforge/event/AttachCapabilitiesEvent;)V
		11: net.minecraftforge.eventbus.EventBus$$Lambda$1624/0x0000000800814b08@241c257e
		12: ASM: com.epimorphismmc.monomorphism.capability.CapabilityHandler@73fac9c9 addCapabilitiesRaw(Lnet/minecraftforge/event/AttachCapabilitiesEvent;)V
		13: ASM: class com.gregtechceu.gtceu.forge.ForgeCommonEventListener attachCapabilities(Lnet/minecraftforge/event/AttachCapabilitiesEvent;)V
		14: ASM: class com.gregtechceu.gtceu.forge.ForgeCommonEventListener registerItemStackCapabilities(Lnet/minecraftforge/event/AttachCapabilitiesEvent;)V
		15: ASM: class com.gregtechceu.gtceu.forge.ForgeCommonEventListener registerEntityCapabilities(Lnet/minecraftforge/event/AttachCapabilitiesEvent;)V
		16: net.minecraftforge.eventbus.EventBus$$Lambda$1624/0x0000000800814b08@6edbdc04
		17: net.minecraftforge.eventbus.EventBus$$Lambda$1624/0x0000000800814b08@1565ee9e
		18: ASM: class com.simibubi.create.foundation.events.CommonEvents attachCapabilities(Lnet/minecraftforge/event/AttachCapabilitiesEvent;)V
		19: ASM: mekanism.common.CommonPlayerTracker@1cac5cde attachCaps(Lnet/minecraftforge/event/AttachCapabilitiesEvent;)V
		20: ASM: top.theillusivec4.curios.common.event.CuriosEventHandler@55be015b attachEntitiesCapabilities(Lnet/minecraftforge/event/AttachCapabilitiesEvent;)V
		21: ASM: top.theillusivec4.curios.common.event.CuriosEventHandler@55be015b attachStackCapabilities(Lnet/minecraftforge/event/AttachCapabilitiesEvent;)V
		22: net.minecraftforge.eventbus.EventBus$$Lambda$1624/0x0000000800814b08@22f4e2a2
		23: ASM: mcjty.rftoolsutility.setup.ForgeEventHandlers@69eb97b2 onEntityConstructing(Lnet/minecraftforge/event/AttachCapabilitiesEvent;)V
		24: ASM: org.cyclops.cyclopscore.modcompat.capabilities.CapabilityConstructorRegistry$TileEventListener@2ecb43a9 onTileLoad(Lnet/minecraftforge/event/AttachCapabilitiesEvent;)V
		25: ASM: dev.gigaherz.toolbelt.slot.BeltExtensionSlot$AttachHandlers@5fdc290 attachCapabilities(Lnet/minecraftforge/event/AttachCapabilitiesEvent;)V
		26: ASM: mcjty.lib.setup.ModSetup$EventHandler@51ff5832 onEntityConstructing(Lnet/minecraftforge/event/AttachCapabilitiesEvent;)V
		27: ASM: com.illusivesoulworks.polymorph.common.CommonEventsListener@398abd11 attachCapabilities(Lnet/minecraftforge/event/AttachCapabilitiesEvent;)V
		28: ASM: com.illusivesoulworks.polymorph.common.CommonEventsListener@398abd11 attachCapabilitiesStack(Lnet/minecraftforge/event/AttachCapabilitiesEvent;)V
		29: ASM: com.illusivesoulworks.polymorph.common.CommonEventsListener@398abd11 attachCapabilitiesPlayer(Lnet/minecraftforge/event/AttachCapabilitiesEvent;)V
java.lang.NullPointerException

[12:06:51] [REI-Cache-1/ERROR]: Exception caught during firing event: null
	Index: 1
	Listeners:
		0: NORMAL
		1: net.minecraftforge.eventbus.EventBus$$Lambda$1624/0x0000000800814b08@7c9a899
		2: net.minecraftforge.eventbus.EventBus$$Lambda$1624/0x0000000800814b08@7e50b2ab
		3: net.minecraftforge.eventbus.EventBus$$Lambda$1624/0x0000000800814b08@2ce378a8
		4: ASM: org.cyclops.cyclopscore.modcompat.capabilities.CapabilityConstructorRegistry$TileEventListener@529e9634 onTileLoad(Lnet/minecraftforge/event/AttachCapabilitiesEvent;)V
		5: ASM: class net.xalcon.torchmaster.common.logic.entityblocking.EntityBlockingEventHandler onWorldAttachCapabilityEvent(Lnet/minecraftforge/event/AttachCapabilitiesEvent;)V
		6: ASM: org.cyclops.cyclopscore.modcompat.capabilities.CapabilityConstructorRegistry$ItemStackEventListener@6aab0c6b onItemStackLoad(Lnet/minecraftforge/event/AttachCapabilitiesEvent;)V
		7: ASM: org.cyclops.cyclopscore.modcompat.capabilities.CapabilityConstructorRegistry$EntityEventListener@16e0e23e onEntityLoad(Lnet/minecraftforge/event/AttachCapabilitiesEvent;)V
		8: ASM: fuzs.puzzleslib.impl.capability.ForgeCapabilityController@6ed4f6f3 onAttachCapabilities(Lnet/minecraftforge/event/AttachCapabilitiesEvent;)V
		9: ASM: class net.creeperhost.polylib.forge.ForgeEvents attachItemCapabilities(Lnet/minecraftforge/event/AttachCapabilitiesEvent;)V
		10: ASM: class net.creeperhost.polylib.forge.ForgeEvents OnAttachCapabilitiesEvent(Lnet/minecraftforge/event/AttachCapabilitiesEvent;)V
		11: net.minecraftforge.eventbus.EventBus$$Lambda$1624/0x0000000800814b08@241c257e
		12: ASM: com.epimorphismmc.monomorphism.capability.CapabilityHandler@73fac9c9 addCapabilitiesRaw(Lnet/minecraftforge/event/AttachCapabilitiesEvent;)V
		13: ASM: class com.gregtechceu.gtceu.forge.ForgeCommonEventListener attachCapabilities(Lnet/minecraftforge/event/AttachCapabilitiesEvent;)V
		14: ASM: class com.gregtechceu.gtceu.forge.ForgeCommonEventListener registerItemStackCapabilities(Lnet/minecraftforge/event/AttachCapabilitiesEvent;)V
		15: ASM: class com.gregtechceu.gtceu.forge.ForgeCommonEventListener registerEntityCapabilities(Lnet/minecraftforge/event/AttachCapabilitiesEvent;)V
		16: net.minecraftforge.eventbus.EventBus$$Lambda$1624/0x0000000800814b08@6edbdc04
		17: net.minecraftforge.eventbus.EventBus$$Lambda$1624/0x0000000800814b08@1565ee9e
		18: ASM: class com.simibubi.create.foundation.events.CommonEvents attachCapabilities(Lnet/minecraftforge/event/AttachCapabilitiesEvent;)V
		19: ASM: mekanism.common.CommonPlayerTracker@1cac5cde attachCaps(Lnet/minecraftforge/event/AttachCapabilitiesEvent;)V
		20: ASM: top.theillusivec4.curios.common.event.CuriosEventHandler@55be015b attachEntitiesCapabilities(Lnet/minecraftforge/event/AttachCapabilitiesEvent;)V
		21: ASM: top.theillusivec4.curios.common.event.CuriosEventHandler@55be015b attachStackCapabilities(Lnet/minecraftforge/event/AttachCapabilitiesEvent;)V
		22: net.minecraftforge.eventbus.EventBus$$Lambda$1624/0x0000000800814b08@22f4e2a2
		23: ASM: mcjty.rftoolsutility.setup.ForgeEventHandlers@69eb97b2 onEntityConstructing(Lnet/minecraftforge/event/AttachCapabilitiesEvent;)V
		24: ASM: org.cyclops.cyclopscore.modcompat.capabilities.CapabilityConstructorRegistry$TileEventListener@2ecb43a9 onTileLoad(Lnet/minecraftforge/event/AttachCapabilitiesEvent;)V
		25: ASM: dev.gigaherz.toolbelt.slot.BeltExtensionSlot$AttachHandlers@5fdc290 attachCapabilities(Lnet/minecraftforge/event/AttachCapabilitiesEvent;)V
		26: ASM: mcjty.lib.setup.ModSetup$EventHandler@51ff5832 onEntityConstructing(Lnet/minecraftforge/event/AttachCapabilitiesEvent;)V
		27: ASM: com.illusivesoulworks.polymorph.common.CommonEventsListener@398abd11 attachCapabilities(Lnet/minecraftforge/event/AttachCapabilitiesEvent;)V
		28: ASM: com.illusivesoulworks.polymorph.common.CommonEventsListener@398abd11 attachCapabilitiesStack(Lnet/minecraftforge/event/AttachCapabilitiesEvent;)V
		29: ASM: com.illusivesoulworks.polymorph.common.CommonEventsListener@398abd11 attachCapabilitiesPlayer(Lnet/minecraftforge/event/AttachCapabilitiesEvent;)V
java.lang.NullPointerException

[12:06:51] [REI-Cache-1/ERROR]: Exception caught during firing event: null
	Index: 1
	Listeners:
		0: NORMAL
		1: net.minecraftforge.eventbus.EventBus$$Lambda$1624/0x0000000800814b08@7c9a899
		2: net.minecraftforge.eventbus.EventBus$$Lambda$1624/0x0000000800814b08@7e50b2ab
		3: net.minecraftforge.eventbus.EventBus$$Lambda$1624/0x0000000800814b08@2ce378a8
		4: ASM: org.cyclops.cyclopscore.modcompat.capabilities.CapabilityConstructorRegistry$TileEventListener@529e9634 onTileLoad(Lnet/minecraftforge/event/AttachCapabilitiesEvent;)V
		5: ASM: class net.xalcon.torchmaster.common.logic.entityblocking.EntityBlockingEventHandler onWorldAttachCapabilityEvent(Lnet/minecraftforge/event/AttachCapabilitiesEvent;)V
		6: ASM: org.cyclops.cyclopscore.modcompat.capabilities.CapabilityConstructorRegistry$ItemStackEventListener@6aab0c6b onItemStackLoad(Lnet/minecraftforge/event/AttachCapabilitiesEvent;)V
		7: ASM: org.cyclops.cyclopscore.modcompat.capabilities.CapabilityConstructorRegistry$EntityEventListener@16e0e23e onEntityLoad(Lnet/minecraftforge/event/AttachCapabilitiesEvent;)V
		8: ASM: fuzs.puzzleslib.impl.capability.ForgeCapabilityController@6ed4f6f3 onAttachCapabilities(Lnet/minecraftforge/event/AttachCapabilitiesEvent;)V
		9: ASM: class net.creeperhost.polylib.forge.ForgeEvents attachItemCapabilities(Lnet/minecraftforge/event/AttachCapabilitiesEvent;)V
		10: ASM: class net.creeperhost.polylib.forge.ForgeEvents OnAttachCapabilitiesEvent(Lnet/minecraftforge/event/AttachCapabilitiesEvent;)V
		11: net.minecraftforge.eventbus.EventBus$$Lambda$1624/0x0000000800814b08@241c257e
		12: ASM: com.epimorphismmc.monomorphism.capability.CapabilityHandler@73fac9c9 addCapabilitiesRaw(Lnet/minecraftforge/event/AttachCapabilitiesEvent;)V
		13: ASM: class com.gregtechceu.gtceu.forge.ForgeCommonEventListener attachCapabilities(Lnet/minecraftforge/event/AttachCapabilitiesEvent;)V
		14: ASM: class com.gregtechceu.gtceu.forge.ForgeCommonEventListener registerItemStackCapabilities(Lnet/minecraftforge/event/AttachCapabilitiesEvent;)V
		15: ASM: class com.gregtechceu.gtceu.forge.ForgeCommonEventListener registerEntityCapabilities(Lnet/minecraftforge/event/AttachCapabilitiesEvent;)V
		16: net.minecraftforge.eventbus.EventBus$$Lambda$1624/0x0000000800814b08@6edbdc04
		17: net.minecraftforge.eventbus.EventBus$$Lambda$1624/0x0000000800814b08@1565ee9e
		18: ASM: class com.simibubi.create.foundation.events.CommonEvents attachCapabilities(Lnet/minecraftforge/event/AttachCapabilitiesEvent;)V
		19: ASM: mekanism.common.CommonPlayerTracker@1cac5cde attachCaps(Lnet/minecraftforge/event/AttachCapabilitiesEvent;)V
		20: ASM: top.theillusivec4.curios.common.event.CuriosEventHandler@55be015b attachEntitiesCapabilities(Lnet/minecraftforge/event/AttachCapabilitiesEvent;)V
		21: ASM: top.theillusivec4.curios.common.event.CuriosEventHandler@55be015b attachStackCapabilities(Lnet/minecraftforge/event/AttachCapabilitiesEvent;)V
		22: net.minecraftforge.eventbus.EventBus$$Lambda$1624/0x0000000800814b08@22f4e2a2
		23: ASM: mcjty.rftoolsutility.setup.ForgeEventHandlers@69eb97b2 onEntityConstructing(Lnet/minecraftforge/event/AttachCapabilitiesEvent;)V
		24: ASM: org.cyclops.cyclopscore.modcompat.capabilities.CapabilityConstructorRegistry$TileEventListener@2ecb43a9 onTileLoad(Lnet/minecraftforge/event/AttachCapabilitiesEvent;)V
		25: ASM: dev.gigaherz.toolbelt.slot.BeltExtensionSlot$AttachHandlers@5fdc290 attachCapabilities(Lnet/minecraftforge/event/AttachCapabilitiesEvent;)V
		26: ASM: mcjty.lib.setup.ModSetup$EventHandler@51ff5832 onEntityConstructing(Lnet/minecraftforge/event/AttachCapabilitiesEvent;)V
		27: ASM: com.illusivesoulworks.polymorph.common.CommonEventsListener@398abd11 attachCapabilities(Lnet/minecraftforge/event/AttachCapabilitiesEvent;)V
		28: ASM: com.illusivesoulworks.polymorph.common.CommonEventsListener@398abd11 attachCapabilitiesStack(Lnet/minecraftforge/event/AttachCapabilitiesEvent;)V
		29: ASM: com.illusivesoulworks.polymorph.common.CommonEventsListener@398abd11 attachCapabilitiesPlayer(Lnet/minecraftforge/event/AttachCapabilitiesEvent;)V
java.lang.NullPointerException

[12:06:51] [REI-Cache-1/ERROR]: Exception caught during firing event: null
	Index: 1
	Listeners:
		0: NORMAL
		1: net.minecraftforge.eventbus.EventBus$$Lambda$1624/0x0000000800814b08@7c9a899
		2: net.minecraftforge.eventbus.EventBus$$Lambda$1624/0x0000000800814b08@7e50b2ab
		3: net.minecraftforge.eventbus.EventBus$$Lambda$1624/0x0000000800814b08@2ce378a8
		4: ASM: org.cyclops.cyclopscore.modcompat.capabilities.CapabilityConstructorRegistry$TileEventListener@529e9634 onTileLoad(Lnet/minecraftforge/event/AttachCapabilitiesEvent;)V
		5: ASM: class net.xalcon.torchmaster.common.logic.entityblocking.EntityBlockingEventHandler onWorldAttachCapabilityEvent(Lnet/minecraftforge/event/AttachCapabilitiesEvent;)V
		6: ASM: org.cyclops.cyclopscore.modcompat.capabilities.CapabilityConstructorRegistry$ItemStackEventListener@6aab0c6b onItemStackLoad(Lnet/minecraftforge/event/AttachCapabilitiesEvent;)V
		7: ASM: org.cyclops.cyclopscore.modcompat.capabilities.CapabilityConstructorRegistry$EntityEventListener@16e0e23e onEntityLoad(Lnet/minecraftforge/event/AttachCapabilitiesEvent;)V
		8: ASM: fuzs.puzzleslib.impl.capability.ForgeCapabilityController@6ed4f6f3 onAttachCapabilities(Lnet/minecraftforge/event/AttachCapabilitiesEvent;)V
		9: ASM: class net.creeperhost.polylib.forge.ForgeEvents attachItemCapabilities(Lnet/minecraftforge/event/AttachCapabilitiesEvent;)V
		10: ASM: class net.creeperhost.polylib.forge.ForgeEvents OnAttachCapabilitiesEvent(Lnet/minecraftforge/event/AttachCapabilitiesEvent;)V
		11: net.minecraftforge.eventbus.EventBus$$Lambda$1624/0x0000000800814b08@241c257e
		12: ASM: com.epimorphismmc.monomorphism.capability.CapabilityHandler@73fac9c9 addCapabilitiesRaw(Lnet/minecraftforge/event/AttachCapabilitiesEvent;)V
		13: ASM: class com.gregtechceu.gtceu.forge.ForgeCommonEventListener attachCapabilities(Lnet/minecraftforge/event/AttachCapabilitiesEvent;)V
		14: ASM: class com.gregtechceu.gtceu.forge.ForgeCommonEventListener registerItemStackCapabilities(Lnet/minecraftforge/event/AttachCapabilitiesEvent;)V
		15: ASM: class com.gregtechceu.gtceu.forge.ForgeCommonEventListener registerEntityCapabilities(Lnet/minecraftforge/event/AttachCapabilitiesEvent;)V
		16: net.minecraftforge.eventbus.EventBus$$Lambda$1624/0x0000000800814b08@6edbdc04
		17: net.minecraftforge.eventbus.EventBus$$Lambda$1624/0x0000000800814b08@1565ee9e
		18: ASM: class com.simibubi.create.foundation.events.CommonEvents attachCapabilities(Lnet/minecraftforge/event/AttachCapabilitiesEvent;)V
		19: ASM: mekanism.common.CommonPlayerTracker@1cac5cde attachCaps(Lnet/minecraftforge/event/AttachCapabilitiesEvent;)V
		20: ASM: top.theillusivec4.curios.common.event.CuriosEventHandler@55be015b attachEntitiesCapabilities(Lnet/minecraftforge/event/AttachCapabilitiesEvent;)V
		21: ASM: top.theillusivec4.curios.common.event.CuriosEventHandler@55be015b attachStackCapabilities(Lnet/minecraftforge/event/AttachCapabilitiesEvent;)V
		22: net.minecraftforge.eventbus.EventBus$$Lambda$1624/0x0000000800814b08@22f4e2a2
		23: ASM: mcjty.rftoolsutility.setup.ForgeEventHandlers@69eb97b2 onEntityConstructing(Lnet/minecraftforge/event/AttachCapabilitiesEvent;)V
		24: ASM: org.cyclops.cyclopscore.modcompat.capabilities.CapabilityConstructorRegistry$TileEventListener@2ecb43a9 onTileLoad(Lnet/minecraftforge/event/AttachCapabilitiesEvent;)V
		25: ASM: dev.gigaherz.toolbelt.slot.BeltExtensionSlot$AttachHandlers@5fdc290 attachCapabilities(Lnet/minecraftforge/event/AttachCapabilitiesEvent;)V
		26: ASM: mcjty.lib.setup.ModSetup$EventHandler@51ff5832 onEntityConstructing(Lnet/minecraftforge/event/AttachCapabilitiesEvent;)V
		27: ASM: com.illusivesoulworks.polymorph.common.CommonEventsListener@398abd11 attachCapabilities(Lnet/minecraftforge/event/AttachCapabilitiesEvent;)V
		28: ASM: com.illusivesoulworks.polymorph.common.CommonEventsListener@398abd11 attachCapabilitiesStack(Lnet/minecraftforge/event/AttachCapabilitiesEvent;)V
		29: ASM: com.illusivesoulworks.polymorph.common.CommonEventsListener@398abd11 attachCapabilitiesPlayer(Lnet/minecraftforge/event/AttachCapabilitiesEvent;)V
java.lang.NullPointerException

[12:06:51] [REI-Cache-1/ERROR]: Exception caught during firing event: null
	Index: 1
	Listeners:
		0: NORMAL
		1: net.minecraftforge.eventbus.EventBus$$Lambda$1624/0x0000000800814b08@7c9a899
		2: net.minecraftforge.eventbus.EventBus$$Lambda$1624/0x0000000800814b08@7e50b2ab
		3: net.minecraftforge.eventbus.EventBus$$Lambda$1624/0x0000000800814b08@2ce378a8
		4: ASM: org.cyclops.cyclopscore.modcompat.capabilities.CapabilityConstructorRegistry$TileEventListener@529e9634 onTileLoad(Lnet/minecraftforge/event/AttachCapabilitiesEvent;)V
		5: ASM: class net.xalcon.torchmaster.common.logic.entityblocking.EntityBlockingEventHandler onWorldAttachCapabilityEvent(Lnet/minecraftforge/event/AttachCapabilitiesEvent;)V
		6: ASM: org.cyclops.cyclopscore.modcompat.capabilities.CapabilityConstructorRegistry$ItemStackEventListener@6aab0c6b onItemStackLoad(Lnet/minecraftforge/event/AttachCapabilitiesEvent;)V
		7: ASM: org.cyclops.cyclopscore.modcompat.capabilities.CapabilityConstructorRegistry$EntityEventListener@16e0e23e onEntityLoad(Lnet/minecraftforge/event/AttachCapabilitiesEvent;)V
		8: ASM: fuzs.puzzleslib.impl.capability.ForgeCapabilityController@6ed4f6f3 onAttachCapabilities(Lnet/minecraftforge/event/AttachCapabilitiesEvent;)V
		9: ASM: class net.creeperhost.polylib.forge.ForgeEvents attachItemCapabilities(Lnet/minecraftforge/event/AttachCapabilitiesEvent;)V
		10: ASM: class net.creeperhost.polylib.forge.ForgeEvents OnAttachCapabilitiesEvent(Lnet/minecraftforge/event/AttachCapabilitiesEvent;)V
		11: net.minecraftforge.eventbus.EventBus$$Lambda$1624/0x0000000800814b08@241c257e
		12: ASM: com.epimorphismmc.monomorphism.capability.CapabilityHandler@73fac9c9 addCapabilitiesRaw(Lnet/minecraftforge/event/AttachCapabilitiesEvent;)V
		13: ASM: class com.gregtechceu.gtceu.forge.ForgeCommonEventListener attachCapabilities(Lnet/minecraftforge/event/AttachCapabilitiesEvent;)V
		14: ASM: class com.gregtechceu.gtceu.forge.ForgeCommonEventListener registerItemStackCapabilities(Lnet/minecraftforge/event/AttachCapabilitiesEvent;)V
		15: ASM: class com.gregtechceu.gtceu.forge.ForgeCommonEventListener registerEntityCapabilities(Lnet/minecraftforge/event/AttachCapabilitiesEvent;)V
		16: net.minecraftforge.eventbus.EventBus$$Lambda$1624/0x0000000800814b08@6edbdc04
		17: net.minecraftforge.eventbus.EventBus$$Lambda$1624/0x0000000800814b08@1565ee9e
		18: ASM: class com.simibubi.create.foundation.events.CommonEvents attachCapabilities(Lnet/minecraftforge/event/AttachCapabilitiesEvent;)V
		19: ASM: mekanism.common.CommonPlayerTracker@1cac5cde attachCaps(Lnet/minecraftforge/event/AttachCapabilitiesEvent;)V
		20: ASM: top.theillusivec4.curios.common.event.CuriosEventHandler@55be015b attachEntitiesCapabilities(Lnet/minecraftforge/event/AttachCapabilitiesEvent;)V
		21: ASM: top.theillusivec4.curios.common.event.CuriosEventHandler@55be015b attachStackCapabilities(Lnet/minecraftforge/event/AttachCapabilitiesEvent;)V
		22: net.minecraftforge.eventbus.EventBus$$Lambda$1624/0x0000000800814b08@22f4e2a2
		23: ASM: mcjty.rftoolsutility.setup.ForgeEventHandlers@69eb97b2 onEntityConstructing(Lnet/minecraftforge/event/AttachCapabilitiesEvent;)V
		24: ASM: org.cyclops.cyclopscore.modcompat.capabilities.CapabilityConstructorRegistry$TileEventListener@2ecb43a9 onTileLoad(Lnet/minecraftforge/event/AttachCapabilitiesEvent;)V
		25: ASM: dev.gigaherz.toolbelt.slot.BeltExtensionSlot$AttachHandlers@5fdc290 attachCapabilities(Lnet/minecraftforge/event/AttachCapabilitiesEvent;)V
		26: ASM: mcjty.lib.setup.ModSetup$EventHandler@51ff5832 onEntityConstructing(Lnet/minecraftforge/event/AttachCapabilitiesEvent;)V
		27: ASM: com.illusivesoulworks.polymorph.common.CommonEventsListener@398abd11 attachCapabilities(Lnet/minecraftforge/event/AttachCapabilitiesEvent;)V
		28: ASM: com.illusivesoulworks.polymorph.common.CommonEventsListener@398abd11 attachCapabilitiesStack(Lnet/minecraftforge/event/AttachCapabilitiesEvent;)V
		29: ASM: com.illusivesoulworks.polymorph.common.CommonEventsListener@398abd11 attachCapabilitiesPlayer(Lnet/minecraftforge/event/AttachCapabilitiesEvent;)V
java.lang.NullPointerException

[12:06:51] [REI-ReloadPlugins/INFO]: [REI] @@@@@@@@@@@@@@@@@@@@@@@@@@@@@@@@@@@@@@@@
[12:06:51] [REI-ReloadPlugins/INFO]: [REI] REIServerPlugin starting main-reload for END.
[12:06:51] [REI-ReloadPlugins/INFO]: [REI] Plugins (3):
[12:06:51] [REI-ReloadPlugins/INFO]: [REI]  - (-100.00) DefaultPluginImpl of DefaultPluginImpl [roughlyenoughitems]
[12:06:51] [REI-ReloadPlugins/INFO]: [REI]  - (0.00) ReiPlugin of ReiPlugin [craftingstation]
[12:06:51] [REI-ReloadPlugins/INFO]: [REI]  - (0.00) DefaultRuntimePlugin of DefaultRuntimePlugin [roughlyenoughitems]
[12:06:51] [REI-ReloadPlugins/INFO]: [REI] @@@@@@@@@@@@@@@@@@@@@@@@@@@@@@@@@@@@@@@@
[12:06:51] [REI-ReloadPlugins/INFO]: [REI] REIPlugin finished post-reload for END in 1.724 ms, totaling 116.5 ms.
[12:06:52] [REI-ReloadPlugins/WARN]: [REI] createFocusLink is not supported in REI yet!
[12:06:52] [REI-ReloadPlugins/WARN]: [REI] createFocusLink is not supported in REI yet!
[12:06:53] [REI-ReloadPlugins/INFO]: [REI] REIClientPlugin finished post-reload for END in 1.645 s, totaling 19.00 s.
[12:06:53] [REI-ReloadPlugins/WARN]: [REI] Forcing plugins to run on main thread took 60.77 ms
[12:06:53] [REI-ReloadPlugins/INFO]: [REI] REIServerPlugin finished post-reload for END in 372.4 ?s, totaling 9.198 ms.
[12:07:39] [Render thread/INFO]: Mixing client.MixinRowHelper from mixins/common/nochatreports.mixins.json into net.minecraft.client.gui.layouts.GridLayout$RowHelper
[12:07:39] [Render thread/INFO]: Mixing client.MixinChatOptionsScreen from mixins/common/nochatreports.mixins.json into net.minecraft.client.gui.screens.ChatOptionsScreen
[12:07:39] [Render thread/INFO]: Renaming synthetic method lambda$init$0(Lnet/minecraft/client/gui/components/AbstractWidget;)V to md4b81d9$lambda$init$0$0 in mixins/common/nochatreports.mixins.json:client.MixinChatOptionsScreen
[12:07:39] [Server thread/INFO]: Saving and pausing game...
[12:07:39] [Server thread/INFO]: Saving chunks for level 'ServerLevel[New World]'/minecraft:overworld
[12:07:39] [Server thread/INFO]: Saving chunks for level 'ServerLevel[New World]'/minecraft:the_nether
[12:07:39] [Server thread/INFO]: Saving chunks for level 'ServerLevel[New World]'/minecraft:the_end
[12:07:39] [Server thread/INFO]: Saving chunks for level 'ServerLevel[New World]'/javd:void
[12:07:39] [Server thread/INFO]: Saving chunks for level 'ServerLevel[New World]'/ae2:spatial_storage
[12:07:45] [Server thread/INFO]: arifmini64 lost connection: Disconnected
[12:07:45] [Server thread/INFO]: arifmini64 left the game
[12:07:45] [Server thread/INFO]: Stopped ServerConnector@6d5885df{HTTP/1.1, (http/1.1)}{0.0.0.0:8888}
[12:07:45] [Server thread/INFO]: Stopped m.l.o.e.j.s.ServletContextHandler@37af3ba3{/,union:/C:/Users/arifv/curseforge/minecraft/Instances/1.20.1-net0-done/mods/MTR-forge-1.20.1-3.2.2-hotfix-2.jar%23366!/assets/mtr/website,STOPPED}
[12:07:45] [Server thread/INFO]: Stopping singleplayer server as player logged out
[12:07:45] [Server thread/INFO]: Shutdown Complete
[12:07:45] [Server thread/INFO]: Stopping Integrated REST server...
[12:07:49] [Server thread/INFO]: Stopped Integrated REST server
[12:07:49] [Server thread/INFO]: Stopping server
[12:07:49] [Server thread/INFO]: Saving players
[12:07:49] [Server thread/INFO]: Saving worlds
[12:07:49] [Server thread/INFO]: Saving chunks for level 'ServerLevel[New World]'/minecraft:overworld
[12:07:50] [Server thread/INFO]: Saving chunks for level 'ServerLevel[New World]'/minecraft:the_nether
[12:07:50] [Server thread/INFO]: Saving chunks for level 'ServerLevel[New World]'/minecraft:the_end
[12:07:50] [Server thread/INFO]: Saving chunks for level 'ServerLevel[New World]'/javd:void
[12:07:50] [Server thread/INFO]: Saving chunks for level 'ServerLevel[New World]'/ae2:spatial_storage
[12:07:50] [Server thread/INFO]: ThreadedAnvilChunkStorage (1.20.1 test): All chunks are saved
[12:07:50] [Server thread/INFO]: ThreadedAnvilChunkStorage (DIM-1): All chunks are saved
[12:07:50] [Server thread/INFO]: ThreadedAnvilChunkStorage (DIM1): All chunks are saved
[12:07:50] [Server thread/INFO]: ThreadedAnvilChunkStorage (void): All chunks are saved
[12:07:50] [Server thread/INFO]: ThreadedAnvilChunkStorage (spatial_storage): All chunks are saved
[12:07:50] [Server thread/INFO]: ThreadedAnvilChunkStorage: All dimensions are saved
[12:07:50] [Render thread/INFO]: Stopping worker threads
[12:07:51] [Render thread/INFO]: Stopping!
[12:07:51] [Render thread/INFO]: Shutting down map thread
